 14.768160 + -56.718045im,  -9.731618 +  32.829556im,   0.000000 +   0.000000im,   0.000000 +   0.000000im,   0.000000 +   0.000000im,   0.000000 +   0.000000im,   0.000000 +   0.000000im,   0.000000 +   0.000000im,   0.000000 +   0.000000im,   0.000000 +   0.000000im,   0.000000 +   0.000000im,   0.000000 +   0.000000im,   0.000000 +   0.000000im,   0.000000 +   0.000000im,  -2.070287 +  10.584054im,  -1.020290 +   4.629509im,  -1.945964 +   8.830426im,   0.000000 +   0.000000im,   0.000000 +   0.000000im,   0.000000 +   0.000000im,   0.000000 +   0.000000im,   0.000000 +   0.000000im,   0.000000 +   0.000000im,   0.000000 +   0.000000im,   0.000000 +   0.000000im,   0.000000 +   0.000000im,   0.000000 +   0.000000im,   0.000000 +   0.000000im,   0.000000 +   0.000000im,   0.000000 +   0.000000im,   0.000000 +   0.000000im,   0.000000 +   0.000000im,   0.000000 +   0.000000im,   0.000000 +   0.000000im,   0.000000 +   0.000000im,   0.000000 +   0.000000im,   0.000000 +   0.000000im,   0.000000 +   0.000000im,   0.000000 +   0.000000im,   0.000000 +   0.000000im,   0.000000 +   0.000000im,   0.000000 +   0.000000im,   0.000000 +   0.000000im,   0.000000 +   0.000000im,   0.000000 +   0.000000im,   0.000000 +   0.000000im,   0.000000 +   0.000000im,   0.000000 +   0.000000im,   0.000000 +   0.000000im,   0.000000 +   0.000000im,   0.000000 +   0.000000im,   0.000000 +   0.000000im,   0.000000 +   0.000000im,   0.000000 +   0.000000im,   0.000000 +   0.000000im,   0.000000 +   0.000000im,   0.000000 +   0.000000im
 -9.731618 +  32.829556im,  13.404717 + -43.201117im,  -3.673099 +  10.476961im,   0.000000 +   0.000000im,   0.000000 +   0.000000im,   0.000000 +   0.000000im,   0.000000 +   0.000000im,   0.000000 +   0.000000im,   0.000000 +   0.000000im,   0.000000 +   0.000000im,   0.000000 +   0.000000im,   0.000000 +   0.000000im,   0.000000 +   0.000000im,   0.000000 +   0.000000im,   0.000000 +   0.000000im,   0.000000 +   0.000000im,   0.000000 +   0.000000im,   0.000000 +   0.000000im,   0.000000 +   0.000000im,   0.000000 +   0.000000im,   0.000000 +   0.000000im,   0.000000 +   0.000000im,   0.000000 +   0.000000im,   0.000000 +   0.000000im,   0.000000 +   0.000000im,   0.000000 +   0.000000im,   0.000000 +   0.000000im,   0.000000 +   0.000000im,   0.000000 +   0.000000im,   0.000000 +   0.000000im,   0.000000 +   0.000000im,   0.000000 +   0.000000im,   0.000000 +   0.000000im,   0.000000 +   0.000000im,   0.000000 +   0.000000im,   0.000000 +   0.000000im,   0.000000 +   0.000000im,   0.000000 +   0.000000im,   0.000000 +   0.000000im,   0.000000 +   0.000000im,   0.000000 +   0.000000im,   0.000000 +   0.000000im,   0.000000 +   0.000000im,   0.000000 +   0.000000im,   0.000000 +   0.000000im,   0.000000 +   0.000000im,   0.000000 +   0.000000im,   0.000000 +   0.000000im,   0.000000 +   0.000000im,   0.000000 +   0.000000im,   0.000000 +   0.000000im,   0.000000 +   0.000000im,   0.000000 +   0.000000im,   0.000000 +   0.000000im,   0.000000 +   0.000000im,   0.000000 +   0.000000im,   0.000000 +   0.000000im
  0.000000 +   0.000000im,  -3.673099 +  10.476961im,  16.592549 + -52.628545im,  -7.645051 +  24.982935im,   0.000000 +   0.000000im,   0.000000 +   0.000000im,   0.000000 +   0.000000im,   0.000000 +   0.000000im,   0.000000 +   0.000000im,   0.000000 +   0.000000im,   0.000000 +   0.000000im,   0.000000 +   0.000000im,   0.000000 +   0.000000im,   0.000000 +   0.000000im,  -5.274399 +  17.255750im,   0.000000 +   0.000000im,   0.000000 +   0.000000im,   0.000000 +   0.000000im,   0.000000 +   0.000000im,   0.000000 +   0.000000im,   0.000000 +   0.000000im,   0.000000 +   0.000000im,   0.000000 +   0.000000im,   0.000000 +   0.000000im,   0.000000 +   0.000000im,   0.000000 +   0.000000im,   0.000000 +   0.000000im,   0.000000 +   0.000000im,   0.000000 +   0.000000im,   0.000000 +   0.000000im,   0.000000 +   0.000000im,   0.000000 +   0.000000im,   0.000000 +   0.000000im,   0.000000 +   0.000000im,   0.000000 +   0.000000im,   0.000000 +   0.000000im,   0.000000 +   0.000000im,   0.000000 +   0.000000im,   0.000000 +   0.000000im,   0.000000 +   0.000000im,   0.000000 +   0.000000im,   0.000000 +   0.000000im,   0.000000 +   0.000000im,   0.000000 +   0.000000im,   0.000000 +   0.000000im,   0.000000 +   0.000000im,   0.000000 +   0.000000im,   0.000000 +   0.000000im,   0.000000 +   0.000000im,   0.000000 +   0.000000im,   0.000000 +   0.000000im,   0.000000 +   0.000000im,   0.000000 +   0.000000im,   0.000000 +   0.000000im,   0.000000 +   0.000000im,   0.000000 +   0.000000im,   0.000000 +   0.000000im
  0.000000 +   0.000000im,   0.000000 +   0.000000im,  -7.645051 +  24.982935im,  12.385460 + -41.272518im,  -2.930111 +   6.188394im,  -1.810298 +   6.230792im,   0.000000 +   0.000000im,   0.000000 +   0.000000im,   0.000000 +   0.000000im,   0.000000 +   0.000000im,   0.000000 +   0.000000im,   0.000000 +   0.000000im,   0.000000 +   0.000000im,   0.000000 +   0.000000im,   0.000000 +   0.000000im,   0.000000 +   0.000000im,   0.000000 +   0.000000im,   0.000000 +   4.022166im,   0.000000 +   0.000000im,   0.000000 +   0.000000im,   0.000000 +   0.000000im,   0.000000 +   0.000000im,   0.000000 +   0.000000im,   0.000000 +   0.000000im,   0.000000 +   0.000000im,   0.000000 +   0.000000im,   0.000000 +   0.000000im,   0.000000 +   0.000000im,   0.000000 +   0.000000im,   0.000000 +   0.000000im,   0.000000 +   0.000000im,   0.000000 +   0.000000im,   0.000000 +   0.000000im,   0.000000 +   0.000000im,   0.000000 +   0.000000im,   0.000000 +   0.000000im,   0.000000 +   0.000000im,   0.000000 +   0.000000im,   0.000000 +   0.000000im,   0.000000 +   0.000000im,   0.000000 +   0.000000im,   0.000000 +   0.000000im,   0.000000 +   0.000000im,   0.000000 +   0.000000im,   0.000000 +   0.000000im,   0.000000 +   0.000000im,   0.000000 +   0.000000im,   0.000000 +   0.000000im,   0.000000 +   0.000000im,   0.000000 +   0.000000im,   0.000000 +   0.000000im,   0.000000 +   0.000000im,   0.000000 +   0.000000im,   0.000000 +   0.000000im,   0.000000 +   0.000000im,   0.000000 +   0.000000im,   0.000000 +   0.000000im
  0.000000 +   0.000000im,   0.000000 +   0.000000im,   0.000000 +   0.000000im,  -2.930111 +   6.188394im,   8.945029 + -18.936057im,  -6.014918 +  12.766763im,   0.000000 +   0.000000im,   0.000000 +   0.000000im,   0.000000 +   0.000000im,   0.000000 +   0.000000im,   0.000000 +   0.000000im,   0.000000 +   0.000000im,   0.000000 +   0.000000im,   0.000000 +   0.000000im,   0.000000 +   0.000000im,   0.000000 +   0.000000im,   0.000000 +   0.000000im,   0.000000 +   0.000000im,   0.000000 +   0.000000im,   0.000000 +   0.000000im,   0.000000 +   0.000000im,   0.000000 +   0.000000im,   0.000000 +   0.000000im,   0.000000 +   0.000000im,   0.000000 +   0.000000im,   0.000000 +   0.000000im,   0.000000 +   0.000000im,   0.000000 +   0.000000im,   0.000000 +   0.000000im,   0.000000 +   0.000000im,   0.000000 +   0.000000im,   0.000000 +   0.000000im,   0.000000 +   0.000000im,   0.000000 +   0.000000im,   0.000000 +   0.000000im,   0.000000 +   0.000000im,   0.000000 +   0.000000im,   0.000000 +   0.000000im,   0.000000 +   0.000000im,   0.000000 +   0.000000im,   0.000000 +   0.000000im,   0.000000 +   0.000000im,   0.000000 +   0.000000im,   0.000000 +   0.000000im,   0.000000 +   0.000000im,   0.000000 +   0.000000im,   0.000000 +   0.000000im,   0.000000 +   0.000000im,   0.000000 +   0.000000im,   0.000000 +   0.000000im,   0.000000 +   0.000000im,   0.000000 +   0.000000im,   0.000000 +   0.000000im,   0.000000 +   0.000000im,   0.000000 +   0.000000im,   0.000000 +   0.000000im,   0.000000 +   0.000000im
  0.000000 +   0.000000im,   0.000000 +   0.000000im,   0.000000 +   0.000000im,  -1.810298 +   6.230792im,  -6.014918 +  12.766763im,  10.767178 + -33.944203im,  -1.851166 +   9.440948im,  -1.090796 +   5.566601im,   0.000000 +   0.000000im,   0.000000 +   0.000000im,   0.000000 +   0.000000im,   0.000000 +   0.000000im,   0.000000 +   0.000000im,   0.000000 +   0.000000im,   0.000000 +   0.000000im,   0.000000 +   0.000000im,   0.000000 +   0.000000im,   0.000000 +   0.000000im,   0.000000 +   0.000000im,   0.000000 +   0.000000im,   0.000000 +   0.000000im,   0.000000 +   0.000000im,   0.000000 +   0.000000im,   0.000000 +   0.000000im,   0.000000 +   0.000000im,   0.000000 +   0.000000im,   0.000000 +   0.000000im,   0.000000 +   0.000000im,   0.000000 +   0.000000im,   0.000000 +   0.000000im,   0.000000 +   0.000000im,   0.000000 +   0.000000im,   0.000000 +   0.000000im,   0.000000 +   0.000000im,   0.000000 +   0.000000im,   0.000000 +   0.000000im,   0.000000 +   0.000000im,   0.000000 +   0.000000im,   0.000000 +   0.000000im,   0.000000 +   0.000000im,   0.000000 +   0.000000im,   0.000000 +   0.000000im,   0.000000 +   0.000000im,   0.000000 +   0.000000im,   0.000000 +   0.000000im,   0.000000 +   0.000000im,   0.000000 +   0.000000im,   0.000000 +   0.000000im,   0.000000 +   0.000000im,   0.000000 +   0.000000im,   0.000000 +   0.000000im,   0.000000 +   0.000000im,   0.000000 +   0.000000im,   0.000000 +   0.000000im,   0.000000 +   0.000000im,   0.000000 +   0.000000im,   0.000000 +   0.000000im
  0.000000 +   0.000000im,   0.000000 +   0.000000im,   0.000000 +   0.000000im,   0.000000 +   0.000000im,   0.000000 +   0.000000im,  -1.851166 +   9.440948im,   4.492421 + -37.377139im,  -2.641255 +  13.529306im,   0.000000 +   0.000000im,   0.000000 +   0.000000im,   0.000000 +   0.000000im,   0.000000 +   0.000000im,   0.000000 +   0.000000im,   0.000000 +   0.000000im,   0.000000 +   0.000000im,   0.000000 +   0.000000im,   0.000000 +   0.000000im,   0.000000 +   0.000000im,   0.000000 +   0.000000im,   0.000000 +   0.000000im,   0.000000 +   0.000000im,   0.000000 +   0.000000im,   0.000000 +   0.000000im,   0.000000 +   0.000000im,   0.000000 +   0.000000im,   0.000000 +   0.000000im,   0.000000 +   0.000000im,   0.000000 +   0.000000im,   0.000000 +  14.922840im,   0.000000 +   0.000000im,   0.000000 +   0.000000im,   0.000000 +   0.000000im,   0.000000 +   0.000000im,   0.000000 +   0.000000im,   0.000000 +   0.000000im,   0.000000 +   0.000000im,   0.000000 +   0.000000im,   0.000000 +   0.000000im,   0.000000 +   0.000000im,   0.000000 +   0.000000im,   0.000000 +   0.000000im,   0.000000 +   0.000000im,   0.000000 +   0.000000im,   0.000000 +   0.000000im,   0.000000 +   0.000000im,   0.000000 +   0.000000im,   0.000000 +   0.000000im,   0.000000 +   0.000000im,   0.000000 +   0.000000im,   0.000000 +   0.000000im,   0.000000 +   0.000000im,   0.000000 +   0.000000im,   0.000000 +   0.000000im,   0.000000 +   0.000000im,   0.000000 +   0.000000im,   0.000000 +   0.000000im,   0.000000 +   0.000000im
  0.000000 +   0.000000im,   0.000000 +   0.000000im,   0.000000 +   0.000000im,   0.000000 +   0.000000im,   0.000000 +   0.000000im,  -1.090796 +   5.566601im,  -2.641255 +  13.529306im,   7.470355 + -38.104431im,  -3.738304 +  19.069125im,   0.000000 +   0.000000im,   0.000000 +   0.000000im,   0.000000 +   0.000000im,   0.000000 +   0.000000im,   0.000000 +   0.000000im,   0.000000 +   0.000000im,   0.000000 +   0.000000im,   0.000000 +   0.000000im,   0.000000 +   0.000000im,   0.000000 +   0.000000im,   0.000000 +   0.000000im,   0.000000 +   0.000000im,   0.000000 +   0.000000im,   0.000000 +   0.000000im,   0.000000 +   0.000000im,   0.000000 +   0.000000im,   0.000000 +   0.000000im,   0.000000 +   0.000000im,   0.000000 +   0.000000im,   0.000000 +   0.000000im,   0.000000 +   0.000000im,   0.000000 +   0.000000im,   0.000000 +   0.000000im,   0.000000 +   0.000000im,   0.000000 +   0.000000im,   0.000000 +   0.000000im,   0.000000 +   0.000000im,   0.000000 +   0.000000im,   0.000000 +   0.000000im,   0.000000 +   0.000000im,   0.000000 +   0.000000im,   0.000000 +   0.000000im,   0.000000 +   0.000000im,   0.000000 +   0.000000im,   0.000000 +   0.000000im,   0.000000 +   0.000000im,   0.000000 +   0.000000im,   0.000000 +   0.000000im,   0.000000 +   0.000000im,   0.000000 +   0.000000im,   0.000000 +   0.000000im,   0.000000 +   0.000000im,   0.000000 +   0.000000im,   0.000000 +   0.000000im,   0.000000 +   0.000000im,   0.000000 +   0.000000im,   0.000000 +   0.000000im,   0.000000 +   0.000000im
  0.000000 +   0.000000im,   0.000000 +   0.000000im,   0.000000 +   0.000000im,   0.000000 +   0.000000im,   0.000000 +   0.000000im,   0.000000 +   0.000000im,   0.000000 +   0.000000im,  -3.738304 +  19.069125im,  10.744469 + -51.783668im,  -1.248646 +   5.681507im,  -3.283830 +  10.793363im,  -0.710339 +   3.233797im,  -1.763351 +   5.792296im,   0.000000 +   0.000000im,   0.000000 +   0.000000im,   0.000000 +   0.000000im,   0.000000 +   0.000000im,   0.000000 +   0.000000im,   0.000000 +   0.000000im,   0.000000 +   0.000000im,   0.000000 +   0.000000im,   0.000000 +   0.000000im,   0.000000 +   0.000000im,   0.000000 +   0.000000im,   0.000000 +   0.000000im,   0.000000 +   0.000000im,   0.000000 +   0.000000im,   0.000000 +   0.000000im,   0.000000 +   0.000000im,   0.000000 +   0.000000im,   0.000000 +   0.000000im,   0.000000 +   0.000000im,   0.000000 +   0.000000im,   0.000000 +   0.000000im,   0.000000 +   0.000000im,   0.000000 +   0.000000im,   0.000000 +   0.000000im,   0.000000 +   0.000000im,   0.000000 +   0.000000im,   0.000000 +   0.000000im,   0.000000 +   0.000000im,   0.000000 +   0.000000im,   0.000000 +   0.000000im,   0.000000 +   0.000000im,   0.000000 +   0.000000im,   0.000000 +   0.000000im,   0.000000 +   0.000000im,   0.000000 +   0.000000im,   0.000000 +   0.000000im,   0.000000 +   0.000000im,   0.000000 +   0.000000im,   0.000000 +   0.000000im,   0.000000 +   0.000000im,   0.000000 +   0.000000im,   0.000000 +   7.800830im,   0.000000 +   0.000000im,   0.000000 +   0.000000im
  0.000000 +   0.000000im,   0.000000 +   0.000000im,   0.000000 +   0.000000im,   0.000000 +   0.000000im,   0.000000 +   0.000000im,   0.000000 +   0.000000im,   0.000000 +   0.000000im,   0.000000 +   0.000000im,  -1.248646 +   5.681507im,   2.907951 + -25.350303im,   0.000000 +   0.000000im,  -1.659306 +   7.559725im,   0.000000 +   0.000000im,   0.000000 +   0.000000im,   0.000000 +   0.000000im,   0.000000 +   0.000000im,   0.000000 +   0.000000im,   0.000000 +   0.000000im,   0.000000 +   0.000000im,   0.000000 +   0.000000im,   0.000000 +   0.000000im,   0.000000 +   0.000000im,   0.000000 +   0.000000im,   0.000000 +   0.000000im,   0.000000 +   0.000000im,   0.000000 +   0.000000im,   0.000000 +   0.000000im,   0.000000 +   0.000000im,   0.000000 +   0.000000im,   0.000000 +   0.000000im,   0.000000 +   0.000000im,   0.000000 +   0.000000im,   0.000000 +   0.000000im,   0.000000 +   0.000000im,   0.000000 +   0.000000im,   0.000000 +   0.000000im,   0.000000 +   0.000000im,   0.000000 +   0.000000im,   0.000000 +   0.000000im,   0.000000 +   0.000000im,   0.000000 +   0.000000im,   0.000000 +   0.000000im,   0.000000 +   0.000000im,   0.000000 +   0.000000im,   0.000000 +   0.000000im,   0.000000 +   0.000000im,   0.000000 +   0.000000im,   0.000000 +   0.000000im,   0.000000 +   0.000000im,   0.000000 +   0.000000im,   0.000000 +  13.061798im,   0.000000 +   0.000000im,   0.000000 +   0.000000im,   0.000000 +   0.000000im,   0.000000 +   0.000000im,   0.000000 +   0.000000im,   0.000000 +   0.000000im
  0.000000 +   0.000000im,   0.000000 +   0.000000im,   0.000000 +   0.000000im,   0.000000 +   0.000000im,   0.000000 +   0.000000im,   0.000000 +   0.000000im,   0.000000 +   0.000000im,   0.000000 +   0.000000im,  -3.283830 +  10.793363im,   0.000000 +   0.000000im,   7.092196 + -30.490181im,   0.000000 +   0.000000im,  -3.808366 +  12.501003im,   0.000000 +   0.000000im,   0.000000 +   0.000000im,   0.000000 +   0.000000im,   0.000000 +   0.000000im,   0.000000 +   0.000000im,   0.000000 +   0.000000im,   0.000000 +   0.000000im,   0.000000 +   0.000000im,   0.000000 +   0.000000im,   0.000000 +   0.000000im,   0.000000 +   0.000000im,   0.000000 +   0.000000im,   0.000000 +   0.000000im,   0.000000 +   0.000000im,   0.000000 +   0.000000im,   0.000000 +   0.000000im,   0.000000 +   0.000000im,   0.000000 +   0.000000im,   0.000000 +   0.000000im,   0.000000 +   0.000000im,   0.000000 +   0.000000im,   0.000000 +   0.000000im,   0.000000 +   0.000000im,   0.000000 +   0.000000im,   0.000000 +   0.000000im,   0.000000 +   0.000000im,   0.000000 +   0.000000im,   0.000000 +   1.275033im,   0.000000 +   0.000000im,   0.000000 +   6.261438im,   0.000000 +   0.000000im,   0.000000 +   0.000000im,   0.000000 +   0.000000im,   0.000000 +   0.000000im,   0.000000 +   0.000000im,   0.000000 +   0.000000im,   0.000000 +   0.000000im,   0.000000 +   0.000000im,   0.000000 +   0.000000im,   0.000000 +   0.000000im,   0.000000 +   0.000000im,   0.000000 +   0.000000im,   0.000000 +   0.000000im,   0.000000 +   0.000000im
  0.000000 +   0.000000im,   0.000000 +   0.000000im,   0.000000 +   0.000000im,   0.000000 +   0.000000im,   0.000000 +   0.000000im,   0.000000 +   0.000000im,   0.000000 +   0.000000im,   0.000000 +   0.000000im,  -0.710339 +   3.233797im,  -1.659306 +   7.559725im,   0.000000 +   0.000000im,  10.982465 + -43.481025im,  -4.835853 +  15.757273im,   0.000000 +   0.000000im,   0.000000 +   0.000000im,  -2.596020 +  11.725358im,  -1.180947 +   5.324673im,   0.000000 +   0.000000im,   0.000000 +   0.000000im,   0.000000 +   0.000000im,   0.000000 +   0.000000im,   0.000000 +   0.000000im,   0.000000 +   0.000000im,   0.000000 +   0.000000im,   0.000000 +   0.000000im,   0.000000 +   0.000000im,   0.000000 +   0.000000im,   0.000000 +   0.000000im,   0.000000 +   0.000000im,   0.000000 +   0.000000im,   0.000000 +   0.000000im,   0.000000 +   0.000000im,   0.000000 +   0.000000im,   0.000000 +   0.000000im,   0.000000 +   0.000000im,   0.000000 +   0.000000im,   0.000000 +   0.000000im,   0.000000 +   0.000000im,   0.000000 +   0.000000im,   0.000000 +   0.000000im,   0.000000 +   0.000000im,   0.000000 +   0.000000im,   0.000000 +   0.000000im,   0.000000 +   0.000000im,   0.000000 +   0.000000im,   0.000000 +   0.000000im,   0.000000 +   0.000000im,   0.000000 +   0.000000im,   0.000000 +   0.000000im,   0.000000 +   0.000000im,   0.000000 +   0.000000im,   0.000000 +   0.000000im,   0.000000 +   0.000000im,   0.000000 +   0.000000im,   0.000000 +   0.000000im,   0.000000 +   0.000000im,   0.000000 +   0.000000im
  0.000000 +   0.000000im,   0.000000 +   0.000000im,   0.000000 +   0.000000im,   0.000000 +   0.000000im,   0.000000 +   0.000000im,   0.000000 +   0.000000im,   0.000000 +   0.000000im,   0.000000 +   0.000000im,  -1.763351 +   5.792296im,   0.000000 +   0.000000im,  -3.808366 +  12.501003im,  -4.835853 +  15.757273im,  20.072856 + -69.759237im,  -6.414618 +  21.090485im,  -3.250669 +  10.501231im,   0.000000 +   0.000000im,   0.000000 +   0.000000im,   0.000000 +   0.000000im,   0.000000 +   0.000000im,   0.000000 +   0.000000im,   0.000000 +   0.000000im,   0.000000 +   0.000000im,   0.000000 +   0.000000im,   0.000000 +   0.000000im,   0.000000 +   0.000000im,   0.000000 +   0.000000im,   0.000000 +   0.000000im,   0.000000 +   0.000000im,   0.000000 +   0.000000im,   0.000000 +   0.000000im,   0.000000 +   0.000000im,   0.000000 +   0.000000im,   0.000000 +   0.000000im,   0.000000 +   0.000000im,   0.000000 +   0.000000im,   0.000000 +   0.000000im,   0.000000 +   0.000000im,   0.000000 +   0.000000im,   0.000000 +   0.000000im,   0.000000 +   0.000000im,   0.000000 +   0.000000im,   0.000000 +   0.000000im,   0.000000 +   0.000000im,   0.000000 +   0.000000im,   0.000000 +   0.000000im,   0.000000 +   0.000000im,   0.000000 +   0.000000im,   0.000000 +   0.000000im,   0.000000 +   4.685864im,   0.000000 +   0.000000im,   0.000000 +   0.000000im,   0.000000 +   0.000000im,   0.000000 +   0.000000im,   0.000000 +   0.000000im,   0.000000 +   0.000000im,   0.000000 +   0.000000im,   0.000000 +   0.000000im
  0.000000 +   0.000000im,   0.000000 +   0.000000im,   0.000000 +   0.000000im,   0.000000 +   0.000000im,   0.000000 +   0.000000im,   0.000000 +   0.000000im,   0.000000 +   0.000000im,   0.000000 +   0.000000im,   0.000000 +   0.000000im,   0.000000 +   0.000000im,   0.000000 +   0.000000im,   0.000000 +   0.000000im,  -6.414618 +  21.090485im,  11.620889 + -48.751974im,  -5.206272 +  16.653981im,   0.000000 +   0.000000im,   0.000000 +   0.000000im,   0.000000 +   0.000000im,   0.000000 +   0.000000im,   0.000000 +   0.000000im,   0.000000 +   0.000000im,   0.000000 +   0.000000im,   0.000000 +   0.000000im,   0.000000 +   0.000000im,   0.000000 +   0.000000im,   0.000000 +   0.000000im,   0.000000 +   0.000000im,   0.000000 +   0.000000im,   0.000000 +   0.000000im,   0.000000 +   0.000000im,   0.000000 +   0.000000im,   0.000000 +   0.000000im,   0.000000 +   0.000000im,   0.000000 +   0.000000im,   0.000000 +   0.000000im,   0.000000 +   0.000000im,   0.000000 +   0.000000im,   0.000000 +   0.000000im,   0.000000 +   0.000000im,   0.000000 +   0.000000im,   0.000000 +   0.000000im,   0.000000 +   0.000000im,   0.000000 +   0.000000im,   0.000000 +   0.000000im,   0.000000 +   0.000000im,   0.000000 +  12.244898im,   0.000000 +   0.000000im,   0.000000 +   0.000000im,   0.000000 +   0.000000im,   0.000000 +   0.000000im,   0.000000 +   0.000000im,   0.000000 +   0.000000im,   0.000000 +   0.000000im,   0.000000 +   0.000000im,   0.000000 +   0.000000im,   0.000000 +   0.000000im,   0.000000 +   0.000000im
 -2.070287 +  10.584054im,   0.000000 +   0.000000im,  -5.274399 +  17.255750im,   0.000000 +   0.000000im,   0.000000 +   0.000000im,   0.000000 +   0.000000im,   0.000000 +   0.000000im,   0.000000 +   0.000000im,   0.000000 +   0.000000im,   0.000000 +   0.000000im,   0.000000 +   0.000000im,   0.000000 +   0.000000im,  -3.250669 +  10.501231im,  -5.206272 +  16.653981im,  15.801627 + -63.652155im,   0.000000 +   0.000000im,   0.000000 +   0.000000im,   0.000000 +   0.000000im,   0.000000 +   0.000000im,   0.000000 +   0.000000im,   0.000000 +   0.000000im,   0.000000 +   0.000000im,   0.000000 +   0.000000im,   0.000000 +   0.000000im,   0.000000 +   0.000000im,   0.000000 +   0.000000im,   0.000000 +   0.000000im,   0.000000 +   0.000000im,   0.000000 +   0.000000im,   0.000000 +   0.000000im,   0.000000 +   0.000000im,   0.000000 +   0.000000im,   0.000000 +   0.000000im,   0.000000 +   0.000000im,   0.000000 +   0.000000im,   0.000000 +   0.000000im,   0.000000 +   0.000000im,   0.000000 +   0.000000im,   0.000000 +   0.000000im,   0.000000 +   0.000000im,   0.000000 +   0.000000im,   0.000000 +   0.000000im,   0.000000 +   0.000000im,   0.000000 +   0.000000im,   0.000000 +   9.165067im,   0.000000 +   0.000000im,   0.000000 +   0.000000im,   0.000000 +   0.000000im,   0.000000 +   0.000000im,   0.000000 +   0.000000im,   0.000000 +   0.000000im,   0.000000 +   0.000000im,   0.000000 +   0.000000im,   0.000000 +   0.000000im,   0.000000 +   0.000000im,   0.000000 +   0.000000im,   0.000000 +   0.000000im
 -1.020290 +   4.629509im,   0.000000 +   0.000000im,   0.000000 +   0.000000im,   0.000000 +   0.000000im,   0.000000 +   0.000000im,   0.000000 +   0.000000im,   0.000000 +   0.000000im,   0.000000 +   0.000000im,   0.000000 +   0.000000im,   0.000000 +   0.000000im,   0.000000 +   0.000000im,  -2.596020 +  11.725358im,   0.000000 +   0.000000im,   0.000000 +   0.000000im,   0.000000 +   0.000000im,   3.616310 + -16.316767im,   0.000000 +   0.000000im,   0.000000 +   0.000000im,   0.000000 +   0.000000im,   0.000000 +   0.000000im,   0.000000 +   0.000000im,   0.000000 +   0.000000im,   0.000000 +   0.000000im,   0.000000 +   0.000000im,   0.000000 +   0.000000im,   0.000000 +   0.000000im,   0.000000 +   0.000000im,   0.000000 +   0.000000im,   0.000000 +   0.000000im,   0.000000 +   0.000000im,   0.000000 +   0.000000im,   0.000000 +   0.000000im,   0.000000 +   0.000000im,   0.000000 +   0.000000im,   0.000000 +   0.000000im,   0.000000 +   0.000000im,   0.000000 +   0.000000im,   0.000000 +   0.000000im,   0.000000 +   0.000000im,   0.000000 +   0.000000im,   0.000000 +   0.000000im,   0.000000 +   0.000000im,   0.000000 +   0.000000im,   0.000000 +   0.000000im,   0.000000 +   0.000000im,   0.000000 +   0.000000im,   0.000000 +   0.000000im,   0.000000 +   0.000000im,   0.000000 +   0.000000im,   0.000000 +   0.000000im,   0.000000 +   0.000000im,   0.000000 +   0.000000im,   0.000000 +   0.000000im,   0.000000 +   0.000000im,   0.000000 +   0.000000im,   0.000000 +   0.000000im,   0.000000 +   0.000000im
 -1.945964 +   8.830426im,   0.000000 +   0.000000im,   0.000000 +   0.000000im,   0.000000 +   0.000000im,   0.000000 +   0.000000im,   0.000000 +   0.000000im,   0.000000 +   0.000000im,   0.000000 +   0.000000im,   0.000000 +   0.000000im,   0.000000 +   0.000000im,   0.000000 +   0.000000im,  -1.180947 +   5.324673im,   0.000000 +   0.000000im,   0.000000 +   0.000000im,   0.000000 +   0.000000im,   0.000000 +   0.000000im,   3.126911 + -14.116999im,   0.000000 +   0.000000im,   0.000000 +   0.000000im,   0.000000 +   0.000000im,   0.000000 +   0.000000im,   0.000000 +   0.000000im,   0.000000 +   0.000000im,   0.000000 +   0.000000im,   0.000000 +   0.000000im,   0.000000 +   0.000000im,   0.000000 +   0.000000im,   0.000000 +   0.000000im,   0.000000 +   0.000000im,   0.000000 +   0.000000im,   0.000000 +   0.000000im,   0.000000 +   0.000000im,   0.000000 +   0.000000im,   0.000000 +   0.000000im,   0.000000 +   0.000000im,   0.000000 +   0.000000im,   0.000000 +   0.000000im,   0.000000 +   0.000000im,   0.000000 +   0.000000im,   0.000000 +   0.000000im,   0.000000 +   0.000000im,   0.000000 +   0.000000im,   0.000000 +   0.000000im,   0.000000 +   0.000000im,   0.000000 +   0.000000im,   0.000000 +   0.000000im,   0.000000 +   0.000000im,   0.000000 +   0.000000im,   0.000000 +   0.000000im,   0.000000 +   0.000000im,   0.000000 +   0.000000im,   0.000000 +   0.000000im,   0.000000 +   0.000000im,   0.000000 +   0.000000im,   0.000000 +   0.000000im,   0.000000 +   0.000000im,   0.000000 +   0.000000im
  0.000000 +   0.000000im,   0.000000 +   0.000000im,   0.000000 +   0.000000im,   0.000000 +   4.022166im,   0.000000 +   0.000000im,   0.000000 +   0.000000im,   0.000000 +   0.000000im,   0.000000 +   0.000000im,   0.000000 +   0.000000im,   0.000000 +   0.000000im,   0.000000 +   0.000000im,   0.000000 +   0.000000im,   0.000000 +   0.000000im,   0.000000 +   0.000000im,   0.000000 +   0.000000im,   0.000000 +   0.000000im,   0.000000 +   0.000000im,   0.676205 +  -5.132156im,  -0.676205 +   1.004773im,   0.000000 +   0.000000im,   0.000000 +   0.000000im,   0.000000 +   0.000000im,   0.000000 +   0.000000im,   0.000000 +   0.000000im,   0.000000 +   0.000000im,   0.000000 +   0.000000im,   0.000000 +   0.000000im,   0.000000 +   0.000000im,   0.000000 +   0.000000im,   0.000000 +   0.000000im,   0.000000 +   0.000000im,   0.000000 +   0.000000im,   0.000000 +   0.000000im,   0.000000 +   0.000000im,   0.000000 +   0.000000im,   0.000000 +   0.000000im,   0.000000 +   0.000000im,   0.000000 +   0.000000im,   0.000000 +   0.000000im,   0.000000 +   0.000000im,   0.000000 +   0.000000im,   0.000000 +   0.000000im,   0.000000 +   0.000000im,   0.000000 +   0.000000im,   0.000000 +   0.000000im,   0.000000 +   0.000000im,   0.000000 +   0.000000im,   0.000000 +   0.000000im,   0.000000 +   0.000000im,   0.000000 +   0.000000im,   0.000000 +   0.000000im,   0.000000 +   0.000000im,   0.000000 +   0.000000im,   0.000000 +   0.000000im,   0.000000 +   0.000000im,   0.000000 +   0.000000im,   0.000000 +   0.000000im
  0.000000 +   0.000000im,   0.000000 +   0.000000im,   0.000000 +   0.000000im,   0.000000 +   0.000000im,   0.000000 +   0.000000im,   0.000000 +   0.000000im,   0.000000 +   0.000000im,   0.000000 +   0.000000im,   0.000000 +   0.000000im,   0.000000 +   0.000000im,   0.000000 +   0.000000im,   0.000000 +   0.000000im,   0.000000 +   0.000000im,   0.000000 +   0.000000im,   0.000000 +   0.000000im,   0.000000 +   0.000000im,   0.000000 +   0.000000im,  -0.676205 +   1.004773im,   1.730425 +  -2.621492im,  -1.054220 +   1.616719im,   0.000000 +   0.000000im,   0.000000 +   0.000000im,   0.000000 +   0.000000im,   0.000000 +   0.000000im,   0.000000 +   0.000000im,   0.000000 +   0.000000im,   0.000000 +   0.000000im,   0.000000 +   0.000000im,   0.000000 +   0.000000im,   0.000000 +   0.000000im,   0.000000 +   0.000000im,   0.000000 +   0.000000im,   0.000000 +   0.000000im,   0.000000 +   0.000000im,   0.000000 +   0.000000im,   0.000000 +   0.000000im,   0.000000 +   0.000000im,   0.000000 +   0.000000im,   0.000000 +   0.000000im,   0.000000 +   0.000000im,   0.000000 +   0.000000im,   0.000000 +   0.000000im,   0.000000 +   0.000000im,   0.000000 +   0.000000im,   0.000000 +   0.000000im,   0.000000 +   0.000000im,   0.000000 +   0.000000im,   0.000000 +   0.000000im,   0.000000 +   0.000000im,   0.000000 +   0.000000im,   0.000000 +   0.000000im,   0.000000 +   0.000000im,   0.000000 +   0.000000im,   0.000000 +   0.000000im,   0.000000 +   0.000000im,   0.000000 +   0.000000im,   0.000000 +   0.000000im
  0.000000 +   0.000000im,   0.000000 +   0.000000im,   0.000000 +   0.000000im,   0.000000 +   0.000000im,   0.000000 +   0.000000im,   0.000000 +   0.000000im,   0.000000 +   0.000000im,   0.000000 +   0.000000im,   0.000000 +   0.000000im,   0.000000 +   0.000000im,   0.000000 +   0.000000im,   0.000000 +   0.000000im,   0.000000 +   0.000000im,   0.000000 +   0.000000im,   0.000000 +   0.000000im,   0.000000 +   0.000000im,   0.000000 +   0.000000im,   0.000000 +   0.000000im,  -1.054220 +   1.616719im,   1.054220 +  -2.904217im,   0.000000 +   1.342861im,   0.000000 +   0.000000im,   0.000000 +   0.000000im,   0.000000 +   0.000000im,   0.000000 +   0.000000im,   0.000000 +   0.000000im,   0.000000 +   0.000000im,   0.000000 +   0.000000im,   0.000000 +   0.000000im,   0.000000 +   0.000000im,   0.000000 +   0.000000im,   0.000000 +   0.000000im,   0.000000 +   0.000000im,   0.000000 +   0.000000im,   0.000000 +   0.000000im,   0.000000 +   0.000000im,   0.000000 +   0.000000im,   0.000000 +   0.000000im,   0.000000 +   0.000000im,   0.000000 +   0.000000im,   0.000000 +   0.000000im,   0.000000 +   0.000000im,   0.000000 +   0.000000im,   0.000000 +   0.000000im,   0.000000 +   0.000000im,   0.000000 +   0.000000im,   0.000000 +   0.000000im,   0.000000 +   0.000000im,   0.000000 +   0.000000im,   0.000000 +   0.000000im,   0.000000 +   0.000000im,   0.000000 +   0.000000im,   0.000000 +   0.000000im,   0.000000 +   0.000000im,   0.000000 +   0.000000im,   0.000000 +   0.000000im,   0.000000 +   0.000000im
  0.000000 +   0.000000im,   0.000000 +   0.000000im,   0.000000 +   0.000000im,   0.000000 +   0.000000im,   0.000000 +   0.000000im,   0.000000 +   0.000000im,   0.000000 +   0.000000im,   0.000000 +   0.000000im,   0.000000 +   0.000000im,   0.000000 +   0.000000im,   0.000000 +   0.000000im,   0.000000 +   0.000000im,   0.000000 +   0.000000im,   0.000000 +   0.000000im,   0.000000 +   0.000000im,   0.000000 +   0.000000im,   0.000000 +   0.000000im,   0.000000 +   0.000000im,   0.000000 +   0.000000im,   0.000000 +   1.342861im,   3.852201 +  -7.524347im,  -3.852201 +   6.123744im,   0.000000 +   0.000000im,   0.000000 +   0.000000im,   0.000000 +   0.000000im,   0.000000 +   0.000000im,   0.000000 +   0.000000im,   0.000000 +   0.000000im,   0.000000 +   0.000000im,   0.000000 +   0.000000im,   0.000000 +   0.000000im,   0.000000 +   0.000000im,   0.000000 +   0.000000im,   0.000000 +   0.000000im,   0.000000 +   0.000000im,   0.000000 +   0.000000im,   0.000000 +   0.000000im,   0.000000 +   0.000000im,   0.000000 +   0.000000im,   0.000000 +   0.000000im,   0.000000 +   0.000000im,   0.000000 +   0.000000im,   0.000000 +   0.000000im,   0.000000 +   0.000000im,   0.000000 +   0.000000im,   0.000000 +   0.000000im,   0.000000 +   0.000000im,   0.000000 +   0.000000im,   0.000000 +   0.000000im,   0.000000 +   0.000000im,   0.000000 +   0.000000im,   0.000000 +   0.000000im,   0.000000 +   0.000000im,   0.000000 +   0.000000im,   0.000000 +   0.000000im,   0.000000 +   0.000000im,   0.000000 +   0.000000im
  0.000000 +   0.000000im,   0.000000 +   0.000000im,   0.000000 +   0.000000im,   0.000000 +   0.000000im,   0.000000 +   0.000000im,   0.000000 +   0.000000im,   0.000000 +   0.000000im,   0.000000 +   0.000000im,   0.000000 +   0.000000im,   0.000000 +   0.000000im,   0.000000 +   0.000000im,   0.000000 +   0.000000im,   0.000000 +   0.000000im,   0.000000 +   0.000000im,   0.000000 +   0.000000im,   0.000000 +   0.000000im,   0.000000 +   0.000000im,   0.000000 +   0.000000im,   0.000000 +   0.000000im,   0.000000 +   0.000000im,  -3.852201 +   6.123744im,  49.436558 + -76.128969im, -30.086613 +  46.193588im,   0.000000 +   0.000000im,   0.000000 +   0.000000im,   0.000000 +   0.000000im,   0.000000 +   0.000000im,   0.000000 +   0.000000im,   0.000000 +   0.000000im,   0.000000 +   0.000000im,   0.000000 +   0.000000im,   0.000000 +   0.000000im,   0.000000 +   0.000000im,   0.000000 +   0.000000im,   0.000000 +   0.000000im,   0.000000 +   0.000000im,   0.000000 +   0.000000im, -15.497744 +  23.811638im,   0.000000 +   0.000000im,   0.000000 +   0.000000im,   0.000000 +   0.000000im,   0.000000 +   0.000000im,   0.000000 +   0.000000im,   0.000000 +   0.000000im,   0.000000 +   0.000000im,   0.000000 +   0.000000im,   0.000000 +   0.000000im,   0.000000 +   0.000000im,   0.000000 +   0.000000im,   0.000000 +   0.000000im,   0.000000 +   0.000000im,   0.000000 +   0.000000im,   0.000000 +   0.000000im,   0.000000 +   0.000000im,   0.000000 +   0.000000im,   0.000000 +   0.000000im,   0.000000 +   0.000000im
  0.000000 +   0.000000im,   0.000000 +   0.000000im,   0.000000 +   0.000000im,   0.000000 +   0.000000im,   0.000000 +   0.000000im,   0.000000 +   0.000000im,   0.000000 +   0.000000im,   0.000000 +   0.000000im,   0.000000 +   0.000000im,   0.000000 +   0.000000im,   0.000000 +   0.000000im,   0.000000 +   0.000000im,   0.000000 +   0.000000im,   0.000000 +   0.000000im,   0.000000 +   0.000000im,   0.000000 +   0.000000im,   0.000000 +   0.000000im,   0.000000 +   0.000000im,   0.000000 +   0.000000im,   0.000000 +   0.000000im,   0.000000 +   0.000000im, -30.086613 +  46.193588im,  31.869795 + -48.939355im,  -1.783182 +   2.749968im,   0.000000 +   0.000000im,   0.000000 +   0.000000im,   0.000000 +   0.000000im,   0.000000 +   0.000000im,   0.000000 +   0.000000im,   0.000000 +   0.000000im,   0.000000 +   0.000000im,   0.000000 +   0.000000im,   0.000000 +   0.000000im,   0.000000 +   0.000000im,   0.000000 +   0.000000im,   0.000000 +   0.000000im,   0.000000 +   0.000000im,   0.000000 +   0.000000im,   0.000000 +   0.000000im,   0.000000 +   0.000000im,   0.000000 +   0.000000im,   0.000000 +   0.000000im,   0.000000 +   0.000000im,   0.000000 +   0.000000im,   0.000000 +   0.000000im,   0.000000 +   0.000000im,   0.000000 +   0.000000im,   0.000000 +   0.000000im,   0.000000 +   0.000000im,   0.000000 +   0.000000im,   0.000000 +   0.000000im,   0.000000 +   0.000000im,   0.000000 +   0.000000im,   0.000000 +   0.000000im,   0.000000 +   0.000000im,   0.000000 +   0.000000im,   0.000000 +   0.000000im
  0.000000 +   0.000000im,   0.000000 +   0.000000im,   0.000000 +   0.000000im,   0.000000 +   0.000000im,   0.000000 +   0.000000im,   0.000000 +   0.000000im,   0.000000 +   0.000000im,   0.000000 +   0.000000im,   0.000000 +   0.000000im,   0.000000 +   0.000000im,   0.000000 +   0.000000im,   0.000000 +   0.000000im,   0.000000 +   0.000000im,   0.000000 +   0.000000im,   0.000000 +   0.000000im,   0.000000 +   0.000000im,   0.000000 +   0.000000im,   0.000000 +   0.000000im,   0.000000 +   0.000000im,   0.000000 +   0.000000im,   0.000000 +   0.000000im,   0.000000 +   0.000000im,  -1.783182 +   2.749968im,   1.783182 + -27.403721im,   0.000000 +   1.659032im,   0.000000 +  22.050740im,   0.000000 +   0.000000im,   0.000000 +   0.000000im,   0.000000 +   0.000000im,   0.000000 +   0.000000im,   0.000000 +   0.000000im,   0.000000 +   0.000000im,   0.000000 +   0.000000im,   0.000000 +   0.000000im,   0.000000 +   0.000000im,   0.000000 +   0.000000im,   0.000000 +   0.000000im,   0.000000 +   0.000000im,   0.000000 +   0.000000im,   0.000000 +   0.000000im,   0.000000 +   0.000000im,   0.000000 +   0.000000im,   0.000000 +   0.000000im,   0.000000 +   0.000000im,   0.000000 +   0.000000im,   0.000000 +   0.000000im,   0.000000 +   0.000000im,   0.000000 +   0.000000im,   0.000000 +   0.000000im,   0.000000 +   0.000000im,   0.000000 +   0.000000im,   0.000000 +   0.000000im,   0.000000 +   0.000000im,   0.000000 +   0.000000im,   0.000000 +   0.000000im,   0.000000 +   0.000000im,   0.000000 +   0.000000im
  0.000000 +   0.000000im,   0.000000 +   0.000000im,   0.000000 +   0.000000im,   0.000000 +   0.000000im,   0.000000 +   0.000000im,   0.000000 +   0.000000im,   0.000000 +   0.000000im,   0.000000 +   0.000000im,   0.000000 +   0.000000im,   0.000000 +   0.000000im,   0.000000 +   0.000000im,   0.000000 +   0.000000im,   0.000000 +   0.000000im,   0.000000 +   0.000000im,   0.000000 +   0.000000im,   0.000000 +   0.000000im,   0.000000 +   0.000000im,   0.000000 +   0.000000im,   0.000000 +   0.000000im,   0.000000 +   0.000000im,   0.000000 +   0.000000im,   0.000000 +   0.000000im,   0.000000 +   0.000000im,   0.000000 +   1.659032im,   2.287011 +  -5.081079im,   0.000000 +   0.000000im,   0.000000 +   0.000000im,   0.000000 +   0.000000im,   0.000000 +   0.000000im,  -2.287011 +   3.422047im,   0.000000 +   0.000000im,   0.000000 +   0.000000im,   0.000000 +   0.000000im,   0.000000 +   0.000000im,   0.000000 +   0.000000im,   0.000000 +   0.000000im,   0.000000 +   0.000000im,   0.000000 +   0.000000im,   0.000000 +   0.000000im,   0.000000 +   0.000000im,   0.000000 +   0.000000im,   0.000000 +   0.000000im,   0.000000 +   0.000000im,   0.000000 +   0.000000im,   0.000000 +   0.000000im,   0.000000 +   0.000000im,   0.000000 +   0.000000im,   0.000000 +   0.000000im,   0.000000 +   0.000000im,   0.000000 +   0.000000im,   0.000000 +   0.000000im,   0.000000 +   0.000000im,   0.000000 +   0.000000im,   0.000000 +   0.000000im,   0.000000 +   0.000000im,   0.000000 +   0.000000im,   0.000000 +   0.000000im
  0.000000 +   0.000000im,   0.000000 +   0.000000im,   0.000000 +   0.000000im,   0.000000 +   0.000000im,   0.000000 +   0.000000im,   0.000000 +   0.000000im,   0.000000 +   0.000000im,   0.000000 +   0.000000im,   0.000000 +   0.000000im,   0.000000 +   0.000000im,   0.000000 +   0.000000im,   0.000000 +   0.000000im,   0.000000 +   0.000000im,   0.000000 +   0.000000im,   0.000000 +   0.000000im,   0.000000 +   0.000000im,   0.000000 +   0.000000im,   0.000000 +   0.000000im,   0.000000 +   0.000000im,   0.000000 +   0.000000im,   0.000000 +   0.000000im,   0.000000 +   0.000000im,   0.000000 +   0.000000im,   0.000000 +  22.050740im,   0.000000 +   0.000000im,   1.798542 + -23.910313im,  -1.798542 +   2.768664im,   0.000000 +   0.000000im,   0.000000 +   0.000000im,   0.000000 +   0.000000im,   0.000000 +   0.000000im,   0.000000 +   0.000000im,   0.000000 +   0.000000im,   0.000000 +   0.000000im,   0.000000 +   0.000000im,   0.000000 +   0.000000im,   0.000000 +   0.000000im,   0.000000 +   0.000000im,   0.000000 +   0.000000im,   0.000000 +   0.000000im,   0.000000 +   0.000000im,   0.000000 +   0.000000im,   0.000000 +   0.000000im,   0.000000 +   0.000000im,   0.000000 +   0.000000im,   0.000000 +   0.000000im,   0.000000 +   0.000000im,   0.000000 +   0.000000im,   0.000000 +   0.000000im,   0.000000 +   0.000000im,   0.000000 +   0.000000im,   0.000000 +   0.000000im,   0.000000 +   0.000000im,   0.000000 +   0.000000im,   0.000000 +   0.000000im,   0.000000 +   0.000000im,   0.000000 +   0.000000im
  0.000000 +   0.000000im,   0.000000 +   0.000000im,   0.000000 +   0.000000im,   0.000000 +   0.000000im,   0.000000 +   0.000000im,   0.000000 +   0.000000im,   0.000000 +   0.000000im,   0.000000 +   0.000000im,   0.000000 +   0.000000im,   0.000000 +   0.000000im,   0.000000 +   0.000000im,   0.000000 +   0.000000im,   0.000000 +   0.000000im,   0.000000 +   0.000000im,   0.000000 +   0.000000im,   0.000000 +   0.000000im,   0.000000 +   0.000000im,   0.000000 +   0.000000im,   0.000000 +   0.000000im,   0.000000 +   0.000000im,   0.000000 +   0.000000im,   0.000000 +   0.000000im,   0.000000 +   0.000000im,   0.000000 +   0.000000im,   0.000000 +   0.000000im,  -1.798542 +   2.768664im,   6.581675 + -10.152336im,  -4.783134 +   7.383672im,   0.000000 +   0.000000im,   0.000000 +   0.000000im,   0.000000 +   0.000000im,   0.000000 +   0.000000im,   0.000000 +   0.000000im,   0.000000 +   0.000000im,   0.000000 +   0.000000im,   0.000000 +   0.000000im,   0.000000 +   0.000000im,   0.000000 +   0.000000im,   0.000000 +   0.000000im,   0.000000 +   0.000000im,   0.000000 +   0.000000im,   0.000000 +   0.000000im,   0.000000 +   0.000000im,   0.000000 +   0.000000im,   0.000000 +   0.000000im,   0.000000 +   0.000000im,   0.000000 +   0.000000im,   0.000000 +   0.000000im,   0.000000 +   0.000000im,   0.000000 +   0.000000im,   0.000000 +   0.000000im,   0.000000 +   0.000000im,   0.000000 +   0.000000im,   0.000000 +   0.000000im,   0.000000 +   0.000000im,   0.000000 +   0.000000im,   0.000000 +   0.000000im
  0.000000 +   0.000000im,   0.000000 +   0.000000im,   0.000000 +   0.000000im,   0.000000 +   0.000000im,   0.000000 +   0.000000im,   0.000000 +   0.000000im,   0.000000 +   0.000000im,   0.000000 +   0.000000im,   0.000000 +   0.000000im,   0.000000 +   0.000000im,   0.000000 +   0.000000im,   0.000000 +   0.000000im,   0.000000 +   0.000000im,   0.000000 +   0.000000im,   0.000000 +   0.000000im,   0.000000 +   0.000000im,   0.000000 +   0.000000im,   0.000000 +   0.000000im,   0.000000 +   0.000000im,   0.000000 +   0.000000im,   0.000000 +   0.000000im,   0.000000 +   0.000000im,   0.000000 +   0.000000im,   0.000000 +   0.000000im,   0.000000 +   0.000000im,   0.000000 +   0.000000im,  -4.783134 +   7.383672im,  12.832539 + -18.687503im,  -8.049406 +  11.303830im,   0.000000 +   0.000000im,   0.000000 +   0.000000im,   0.000000 +   0.000000im,   0.000000 +   0.000000im,   0.000000 +   0.000000im,   0.000000 +   0.000000im,   0.000000 +   0.000000im,   0.000000 +   0.000000im,   0.000000 +   0.000000im,   0.000000 +   0.000000im,   0.000000 +   0.000000im,   0.000000 +   0.000000im,   0.000000 +   0.000000im,   0.000000 +   0.000000im,   0.000000 +   0.000000im,   0.000000 +   0.000000im,   0.000000 +   0.000000im,   0.000000 +   0.000000im,   0.000000 +   0.000000im,   0.000000 +   0.000000im,   0.000000 +   0.000000im,   0.000000 +   0.000000im,   0.000000 +   0.000000im,   0.000000 +   0.000000im,   0.000000 +   0.000000im,   0.000000 +   0.000000im,   0.000000 +   0.000000im,   0.000000 +   0.000000im
  0.000000 +   0.000000im,   0.000000 +   0.000000im,   0.000000 +   0.000000im,   0.000000 +   0.000000im,   0.000000 +   0.000000im,   0.000000 +   0.000000im,   0.000000 +  14.922840im,   0.000000 +   0.000000im,   0.000000 +   0.000000im,   0.000000 +   0.000000im,   0.000000 +   0.000000im,   0.000000 +   0.000000im,   0.000000 +   0.000000im,   0.000000 +   0.000000im,   0.000000 +   0.000000im,   0.000000 +   0.000000im,   0.000000 +   0.000000im,   0.000000 +   0.000000im,   0.000000 +   0.000000im,   0.000000 +   0.000000im,   0.000000 +   0.000000im,   0.000000 +   0.000000im,   0.000000 +   0.000000im,   0.000000 +   0.000000im,   0.000000 +   0.000000im,   0.000000 +   0.000000im,   0.000000 +   0.000000im,  -8.049406 +  11.303830im,  10.635366 + -30.089429im,   0.000000 +   0.000000im,   0.000000 +   0.000000im,   0.000000 +   0.000000im,   0.000000 +   0.000000im,   0.000000 +   0.000000im,   0.000000 +   0.000000im,   0.000000 +   0.000000im,   0.000000 +   0.000000im,   0.000000 +   0.000000im,   0.000000 +   0.000000im,   0.000000 +   0.000000im,   0.000000 +   0.000000im,   0.000000 +   0.000000im,   0.000000 +   0.000000im,   0.000000 +   0.000000im,   0.000000 +   0.000000im,   0.000000 +   0.000000im,   0.000000 +   0.000000im,   0.000000 +   0.000000im,   0.000000 +   0.000000im,   0.000000 +   0.000000im,   0.000000 +   0.000000im,  -2.585961 +   3.353500im,   0.000000 +   0.000000im,   0.000000 +   0.000000im,   0.000000 +   0.000000im,   0.000000 +   0.000000im,   0.000000 +   0.000000im
  0.000000 +   0.000000im,   0.000000 +   0.000000im,   0.000000 +   0.000000im,   0.000000 +   0.000000im,   0.000000 +   0.000000im,   0.000000 +   0.000000im,   0.000000 +   0.000000im,   0.000000 +   0.000000im,   0.000000 +   0.000000im,   0.000000 +   0.000000im,   0.000000 +   0.000000im,   0.000000 +   0.000000im,   0.000000 +   0.000000im,   0.000000 +   0.000000im,   0.000000 +   0.000000im,   0.000000 +   0.000000im,   0.000000 +   0.000000im,   0.000000 +   0.000000im,   0.000000 +   0.000000im,   0.000000 +   0.000000im,   0.000000 +   0.000000im,   0.000000 +   0.000000im,   0.000000 +   0.000000im,   0.000000 +   0.000000im,  -2.287011 +   3.422047im,   0.000000 +   0.000000im,   0.000000 +   0.000000im,   0.000000 +   0.000000im,   0.000000 +   0.000000im,   3.209779 +  -4.828843im,  -0.922768 +   1.406796im,   0.000000 +   0.000000im,   0.000000 +   0.000000im,   0.000000 +   0.000000im,   0.000000 +   0.000000im,   0.000000 +   0.000000im,   0.000000 +   0.000000im,   0.000000 +   0.000000im,   0.000000 +   0.000000im,   0.000000 +   0.000000im,   0.000000 +   0.000000im,   0.000000 +   0.000000im,   0.000000 +   0.000000im,   0.000000 +   0.000000im,   0.000000 +   0.000000im,   0.000000 +   0.000000im,   0.000000 +   0.000000im,   0.000000 +   0.000000im,   0.000000 +   0.000000im,   0.000000 +   0.000000im,   0.000000 +   0.000000im,   0.000000 +   0.000000im,   0.000000 +   0.000000im,   0.000000 +   0.000000im,   0.000000 +   0.000000im,   0.000000 +   0.000000im,   0.000000 +   0.000000im
  0.000000 +   0.000000im,   0.000000 +   0.000000im,   0.000000 +   0.000000im,   0.000000 +   0.000000im,   0.000000 +   0.000000im,   0.000000 +   0.000000im,   0.000000 +   0.000000im,   0.000000 +   0.000000im,   0.000000 +   0.000000im,   0.000000 +   0.000000im,   0.000000 +   0.000000im,   0.000000 +   0.000000im,   0.000000 +   0.000000im,   0.000000 +   0.000000im,   0.000000 +   0.000000im,   0.000000 +   0.000000im,   0.000000 +   0.000000im,   0.000000 +   0.000000im,   0.000000 +   0.000000im,   0.000000 +   0.000000im,   0.000000 +   0.000000im,   0.000000 +   0.000000im,   0.000000 +   0.000000im,   0.000000 +   0.000000im,   0.000000 +   0.000000im,   0.000000 +   0.000000im,   0.000000 +   0.000000im,   0.000000 +   0.000000im,   0.000000 +   0.000000im,  -0.922768 +   1.406796im,   1.535772 +  -2.319653im,  -0.613004 +   0.912857im,   0.000000 +   0.000000im,   0.000000 +   0.000000im,   0.000000 +   0.000000im,   0.000000 +   0.000000im,   0.000000 +   0.000000im,   0.000000 +   0.000000im,   0.000000 +   0.000000im,   0.000000 +   0.000000im,   0.000000 +   0.000000im,   0.000000 +   0.000000im,   0.000000 +   0.000000im,   0.000000 +   0.000000im,   0.000000 +   0.000000im,   0.000000 +   0.000000im,   0.000000 +   0.000000im,   0.000000 +   0.000000im,   0.000000 +   0.000000im,   0.000000 +   0.000000im,   0.000000 +   0.000000im,   0.000000 +   0.000000im,   0.000000 +   0.000000im,   0.000000 +   0.000000im,   0.000000 +   0.000000im,   0.000000 +   0.000000im,   0.000000 +   0.000000im
  0.000000 +   0.000000im,   0.000000 +   0.000000im,   0.000000 +   0.000000im,   0.000000 +   0.000000im,   0.000000 +   0.000000im,   0.000000 +   0.000000im,   0.000000 +   0.000000im,   0.000000 +   0.000000im,   0.000000 +   0.000000im,   0.000000 +   0.000000im,   0.000000 +   0.000000im,   0.000000 +   0.000000im,   0.000000 +   0.000000im,   0.000000 +   0.000000im,   0.000000 +   0.000000im,   0.000000 +   0.000000im,   0.000000 +   0.000000im,   0.000000 +   0.000000im,   0.000000 +   0.000000im,   0.000000 +   0.000000im,   0.000000 +   0.000000im,   0.000000 +   0.000000im,   0.000000 +   0.000000im,   0.000000 +   0.000000im,   0.000000 +   0.000000im,   0.000000 +   0.000000im,   0.000000 +   0.000000im,   0.000000 +   0.000000im,   0.000000 +   0.000000im,   0.000000 +   0.000000im,  -0.613004 +   0.912857im,  14.451685 + -14.671167im, -13.838681 +  12.708992im,   0.000000 +   1.023085im,   0.000000 +   0.000000im,   0.000000 +   0.000000im,   0.000000 +   0.000000im,   0.000000 +   0.000000im,   0.000000 +   0.000000im,   0.000000 +   0.000000im,   0.000000 +   0.000000im,   0.000000 +   0.000000im,   0.000000 +   0.000000im,   0.000000 +   0.000000im,   0.000000 +   0.000000im,   0.000000 +   0.000000im,   0.000000 +   0.000000im,   0.000000 +   0.000000im,   0.000000 +   0.000000im,   0.000000 +   0.000000im,   0.000000 +   0.000000im,   0.000000 +   0.000000im,   0.000000 +   0.000000im,   0.000000 +   0.000000im,   0.000000 +   0.000000im,   0.000000 +   0.000000im,   0.000000 +   0.000000im
  0.000000 +   0.000000im,   0.000000 +   0.000000im,   0.000000 +   0.000000im,   0.000000 +   0.000000im,   0.000000 +   0.000000im,   0.000000 +   0.000000im,   0.000000 +   0.000000im,   0.000000 +   0.000000im,   0.000000 +   0.000000im,   0.000000 +   0.000000im,   0.000000 +   0.000000im,   0.000000 +   0.000000im,   0.000000 +   0.000000im,   0.000000 +   0.000000im,   0.000000 +   0.000000im,   0.000000 +   0.000000im,   0.000000 +   0.000000im,   0.000000 +   0.000000im,   0.000000 +   0.000000im,   0.000000 +   0.000000im,   0.000000 +   0.000000im,   0.000000 +   0.000000im,   0.000000 +   0.000000im,   0.000000 +   0.000000im,   0.000000 +   0.000000im,   0.000000 +   0.000000im,   0.000000 +   0.000000im,   0.000000 +   0.000000im,   0.000000 +   0.000000im,   0.000000 +   0.000000im,   0.000000 +   0.000000im, -13.838681 +  12.708992im,  13.838681 + -12.708992im,   0.000000 +   0.000000im,   0.000000 +   0.000000im,   0.000000 +   0.000000im,   0.000000 +   0.000000im,   0.000000 +   0.000000im,   0.000000 +   0.000000im,   0.000000 +   0.000000im,   0.000000 +   0.000000im,   0.000000 +   0.000000im,   0.000000 +   0.000000im,   0.000000 +   0.000000im,   0.000000 +   0.000000im,   0.000000 +   0.000000im,   0.000000 +   0.000000im,   0.000000 +   0.000000im,   0.000000 +   0.000000im,   0.000000 +   0.000000im,   0.000000 +   0.000000im,   0.000000 +   0.000000im,   0.000000 +   0.000000im,   0.000000 +   0.000000im,   0.000000 +   0.000000im,   0.000000 +   0.000000im,   0.000000 +   0.000000im
  0.000000 +   0.000000im,   0.000000 +   0.000000im,   0.000000 +   0.000000im,   0.000000 +   0.000000im,   0.000000 +   0.000000im,   0.000000 +   0.000000im,   0.000000 +   0.000000im,   0.000000 +   0.000000im,   0.000000 +   0.000000im,   0.000000 +   0.000000im,   0.000000 +   0.000000im,   0.000000 +   0.000000im,   0.000000 +   0.000000im,   0.000000 +   0.000000im,   0.000000 +   0.000000im,   0.000000 +   0.000000im,   0.000000 +   0.000000im,   0.000000 +   0.000000im,   0.000000 +   0.000000im,   0.000000 +   0.000000im,   0.000000 +   0.000000im,   0.000000 +   0.000000im,   0.000000 +   0.000000im,   0.000000 +   0.000000im,   0.000000 +   0.000000im,   0.000000 +   0.000000im,   0.000000 +   0.000000im,   0.000000 +   0.000000im,   0.000000 +   0.000000im,   0.000000 +   0.000000im,   0.000000 +   0.000000im,   0.000000 +   1.023085im,   0.000000 +   0.000000im,   5.917160 +  -9.871648im,  -5.917160 +   8.875740im,   0.000000 +   0.000000im,   0.000000 +   0.000000im,   0.000000 +   0.000000im,   0.000000 +   0.000000im,   0.000000 +   0.000000im,   0.000000 +   0.000000im,   0.000000 +   0.000000im,   0.000000 +   0.000000im,   0.000000 +   0.000000im,   0.000000 +   0.000000im,   0.000000 +   0.000000im,   0.000000 +   0.000000im,   0.000000 +   0.000000im,   0.000000 +   0.000000im,   0.000000 +   0.000000im,   0.000000 +   0.000000im,   0.000000 +   0.000000im,   0.000000 +   0.000000im,   0.000000 +   0.000000im,   0.000000 +   0.000000im,   0.000000 +   0.000000im,   0.000000 +   0.000000im
  0.000000 +   0.000000im,   0.000000 +   0.000000im,   0.000000 +   0.000000im,   0.000000 +   0.000000im,   0.000000 +   0.000000im,   0.000000 +   0.000000im,   0.000000 +   0.000000im,   0.000000 +   0.000000im,   0.000000 +   0.000000im,   0.000000 +   0.000000im,   0.000000 +   0.000000im,   0.000000 +   0.000000im,   0.000000 +   0.000000im,   0.000000 +   0.000000im,   0.000000 +   0.000000im,   0.000000 +   0.000000im,   0.000000 +   0.000000im,   0.000000 +   0.000000im,   0.000000 +   0.000000im,   0.000000 +   0.000000im,   0.000000 +   0.000000im,   0.000000 +   0.000000im,   0.000000 +   0.000000im,   0.000000 +   0.000000im,   0.000000 +   0.000000im,   0.000000 +   0.000000im,   0.000000 +   0.000000im,   0.000000 +   0.000000im,   0.000000 +   0.000000im,   0.000000 +   0.000000im,   0.000000 +   0.000000im,   0.000000 +   0.000000im,   0.000000 +   0.000000im,  -5.917160 +   8.875740im,  15.002902 + -20.219952im,  -9.085742 +  11.346613im,   0.000000 +   0.000000im,   0.000000 +   0.000000im,   0.000000 +   0.000000im,   0.000000 +   0.000000im,   0.000000 +   0.000000im,   0.000000 +   0.000000im,   0.000000 +   0.000000im,   0.000000 +   0.000000im,   0.000000 +   0.000000im,   0.000000 +   0.000000im,   0.000000 +   0.000000im,   0.000000 +   0.000000im,   0.000000 +   0.000000im,   0.000000 +   0.000000im,   0.000000 +   0.000000im,   0.000000 +   0.000000im,   0.000000 +   0.000000im,   0.000000 +   0.000000im,   0.000000 +   0.000000im,   0.000000 +   0.000000im,   0.000000 +   0.000000im
  0.000000 +   0.000000im,   0.000000 +   0.000000im,   0.000000 +   0.000000im,   0.000000 +   0.000000im,   0.000000 +   0.000000im,   0.000000 +   0.000000im,   0.000000 +   0.000000im,   0.000000 +   0.000000im,   0.000000 +   0.000000im,   0.000000 +   0.000000im,   0.000000 +   0.000000im,   0.000000 +   0.000000im,   0.000000 +   0.000000im,   0.000000 +   0.000000im,   0.000000 +   0.000000im,   0.000000 +   0.000000im,   0.000000 +   0.000000im,   0.000000 +   0.000000im,   0.000000 +   0.000000im,   0.000000 +   0.000000im,   0.000000 +   0.000000im,   0.000000 +   0.000000im,   0.000000 +   0.000000im,   0.000000 +   0.000000im,   0.000000 +   0.000000im,   0.000000 +   0.000000im,   0.000000 +   0.000000im,   0.000000 +   0.000000im,   0.000000 +   0.000000im,   0.000000 +   0.000000im,   0.000000 +   0.000000im,   0.000000 +   0.000000im,   0.000000 +   0.000000im,   0.000000 +   0.000000im,  -9.085742 +  11.346613im,  32.152102 + -43.301936im, -13.299336 +  16.784679im,   0.000000 +   0.000000im,   0.000000 +   0.000000im,  -9.767024 +  15.171444im,   0.000000 +   0.000000im,   0.000000 +   0.000000im,   0.000000 +   0.000000im,   0.000000 +   0.000000im,   0.000000 +   0.000000im,   0.000000 +   0.000000im,   0.000000 +   0.000000im,   0.000000 +   0.000000im,   0.000000 +   0.000000im,   0.000000 +   0.000000im,   0.000000 +   0.000000im,   0.000000 +   0.000000im,   0.000000 +   0.000000im,   0.000000 +   0.000000im,   0.000000 +   0.000000im,   0.000000 +   0.000000im,   0.000000 +   0.000000im
  0.000000 +   0.000000im,   0.000000 +   0.000000im,   0.000000 +   0.000000im,   0.000000 +   0.000000im,   0.000000 +   0.000000im,   0.000000 +   0.000000im,   0.000000 +   0.000000im,   0.000000 +   0.000000im,   0.000000 +   0.000000im,   0.000000 +   0.000000im,   0.000000 +   0.000000im,   0.000000 +   0.000000im,   0.000000 +   0.000000im,   0.000000 +   0.000000im,   0.000000 +   0.000000im,   0.000000 +   0.000000im,   0.000000 +   0.000000im,   0.000000 +   0.000000im,   0.000000 +   0.000000im,   0.000000 +   0.000000im,   0.000000 +   0.000000im,   0.000000 +   0.000000im,   0.000000 +   0.000000im,   0.000000 +   0.000000im,   0.000000 +   0.000000im,   0.000000 +   0.000000im,   0.000000 +   0.000000im,   0.000000 +   0.000000im,   0.000000 +   0.000000im,   0.000000 +   0.000000im,   0.000000 +   0.000000im,   0.000000 +   0.000000im,   0.000000 +   0.000000im,   0.000000 +   0.000000im,   0.000000 +   0.000000im, -13.299336 +  16.784679im,  29.718912 + -42.659552im,  -4.514933 +   6.997799im, -11.904643 +  18.878075im,   0.000000 +   0.000000im,   0.000000 +   0.000000im,   0.000000 +   0.000000im,   0.000000 +   0.000000im,   0.000000 +   0.000000im,   0.000000 +   0.000000im,   0.000000 +   0.000000im,   0.000000 +   0.000000im,   0.000000 +   0.000000im,   0.000000 +   0.000000im,   0.000000 +   0.000000im,   0.000000 +   0.000000im,   0.000000 +   0.000000im,   0.000000 +   0.000000im,   0.000000 +   0.000000im,   0.000000 +   0.000000im,   0.000000 +   0.000000im,   0.000000 +   0.000000im
  0.000000 +   0.000000im,   0.000000 +   0.000000im,   0.000000 +   0.000000im,   0.000000 +   0.000000im,   0.000000 +   0.000000im,   0.000000 +   0.000000im,   0.000000 +   0.000000im,   0.000000 +   0.000000im,   0.000000 +   0.000000im,   0.000000 +   0.000000im,   0.000000 +   0.000000im,   0.000000 +   0.000000im,   0.000000 +   0.000000im,   0.000000 +   0.000000im,   0.000000 +   0.000000im,   0.000000 +   0.000000im,   0.000000 +   0.000000im,   0.000000 +   0.000000im,   0.000000 +   0.000000im,   0.000000 +   0.000000im,   0.000000 +   0.000000im, -15.497744 +  23.811638im,   0.000000 +   0.000000im,   0.000000 +   0.000000im,   0.000000 +   0.000000im,   0.000000 +   0.000000im,   0.000000 +   0.000000im,   0.000000 +   0.000000im,   0.000000 +   0.000000im,   0.000000 +   0.000000im,   0.000000 +   0.000000im,   0.000000 +   0.000000im,   0.000000 +   0.000000im,   0.000000 +   0.000000im,   0.000000 +   0.000000im,   0.000000 +   0.000000im,  -4.514933 +   6.997799im,  38.845966 + -63.140001im,   0.000000 +   0.000000im,   0.000000 +   0.000000im,   0.000000 +   0.000000im,   0.000000 +   0.000000im,   0.000000 +   0.000000im,  -6.788085 +  13.740587im,   0.000000 +   0.000000im,   0.000000 +   0.000000im,   0.000000 +   0.000000im,  -9.464067 +  14.620770im,  -2.581137 +   3.972707im,   0.000000 +   0.000000im,   0.000000 +   0.000000im,   0.000000 +   0.000000im,   0.000000 +   0.000000im,   0.000000 +   0.000000im,   0.000000 +   0.000000im,   0.000000 +   0.000000im,   0.000000 +   0.000000im
  0.000000 +   0.000000im,   0.000000 +   0.000000im,   0.000000 +   0.000000im,   0.000000 +   0.000000im,   0.000000 +   0.000000im,   0.000000 +   0.000000im,   0.000000 +   0.000000im,   0.000000 +   0.000000im,   0.000000 +   0.000000im,   0.000000 +   0.000000im,   0.000000 +   0.000000im,   0.000000 +   0.000000im,   0.000000 +   0.000000im,   0.000000 +   0.000000im,   0.000000 +   0.000000im,   0.000000 +   0.000000im,   0.000000 +   0.000000im,   0.000000 +   0.000000im,   0.000000 +   0.000000im,   0.000000 +   0.000000im,   0.000000 +   0.000000im,   0.000000 +   0.000000im,   0.000000 +   0.000000im,   0.000000 +   0.000000im,   0.000000 +   0.000000im,   0.000000 +   0.000000im,   0.000000 +   0.000000im,   0.000000 +   0.000000im,   0.000000 +   0.000000im,   0.000000 +   0.000000im,   0.000000 +   0.000000im,   0.000000 +   0.000000im,   0.000000 +   0.000000im,   0.000000 +   0.000000im,   0.000000 +   0.000000im,   0.000000 +   0.000000im, -11.904643 +  18.878075im,   0.000000 +   0.000000im,  11.904643 + -19.586857im,   0.000000 +   0.000000im,   0.000000 +   0.000000im,   0.000000 +   0.000000im,   0.000000 +   0.000000im,   0.000000 +   0.000000im,   0.000000 +   0.000000im,   0.000000 +   0.000000im,   0.000000 +   0.000000im,   0.000000 +   0.000000im,   0.000000 +   0.000000im,   0.000000 +   0.000000im,   0.000000 +   0.000000im,   0.000000 +   0.000000im,   0.000000 +   0.000000im,   0.000000 +   0.000000im,   0.000000 +   0.000000im,   0.000000 +   0.000000im,   0.000000 +   0.723247im
  0.000000 +   0.000000im,   0.000000 +   0.000000im,   0.000000 +   0.000000im,   0.000000 +   0.000000im,   0.000000 +   0.000000im,   0.000000 +   0.000000im,   0.000000 +   0.000000im,   0.000000 +   0.000000im,   0.000000 +   0.000000im,   0.000000 +   0.000000im,   0.000000 +   0.000000im,   0.000000 +   0.000000im,   0.000000 +   0.000000im,   0.000000 +   0.000000im,   0.000000 +   0.000000im,   0.000000 +   0.000000im,   0.000000 +   0.000000im,   0.000000 +   0.000000im,   0.000000 +   0.000000im,   0.000000 +   0.000000im,   0.000000 +   0.000000im,   0.000000 +   0.000000im,   0.000000 +   0.000000im,   0.000000 +   0.000000im,   0.000000 +   0.000000im,   0.000000 +   0.000000im,   0.000000 +   0.000000im,   0.000000 +   0.000000im,   0.000000 +   0.000000im,   0.000000 +   0.000000im,   0.000000 +   0.000000im,   0.000000 +   0.000000im,   0.000000 +   0.000000im,   0.000000 +   0.000000im,   0.000000 +   0.000000im,  -9.767024 +  15.171444im,   0.000000 +   0.000000im,   0.000000 +   0.000000im,   0.000000 +   0.000000im,   9.767024 + -15.939447im,   0.000000 +   0.000000im,   0.000000 +   0.000000im,   0.000000 +   0.000000im,   0.000000 +   0.000000im,   0.000000 +   0.000000im,   0.000000 +   0.000000im,   0.000000 +   0.000000im,   0.000000 +   0.000000im,   0.000000 +   0.000000im,   0.000000 +   0.000000im,   0.000000 +   0.000000im,   0.000000 +   0.000000im,   0.000000 +   0.000000im,   0.000000 +   0.000000im,   0.000000 +   0.000000im,   0.000000 +   0.801674im,   0.000000 +   0.000000im
  0.000000 +   0.000000im,   0.000000 +   0.000000im,   0.000000 +   0.000000im,   0.000000 +   0.000000im,   0.000000 +   0.000000im,   0.000000 +   0.000000im,   0.000000 +   0.000000im,   0.000000 +   0.000000im,   0.000000 +   0.000000im,   0.000000 +   0.000000im,   0.000000 +   1.275033im,   0.000000 +   0.000000im,   0.000000 +   0.000000im,   0.000000 +   0.000000im,   0.000000 +   0.000000im,   0.000000 +   0.000000im,   0.000000 +   0.000000im,   0.000000 +   0.000000im,   0.000000 +   0.000000im,   0.000000 +   0.000000im,   0.000000 +   0.000000im,   0.000000 +   0.000000im,   0.000000 +   0.000000im,   0.000000 +   0.000000im,   0.000000 +   0.000000im,   0.000000 +   0.000000im,   0.000000 +   0.000000im,   0.000000 +   0.000000im,   0.000000 +   0.000000im,   0.000000 +   0.000000im,   0.000000 +   0.000000im,   0.000000 +   0.000000im,   0.000000 +   0.000000im,   0.000000 +   0.000000im,   0.000000 +   0.000000im,   0.000000 +   0.000000im,   0.000000 +   0.000000im,   0.000000 +   0.000000im,   0.000000 +   0.000000im,   0.000000 +   0.000000im,   2.152080 +  -6.777340im,  -1.241357 +   2.110907im,   0.000000 +   2.427184im,   0.000000 +   0.000000im,   0.000000 +   0.000000im,   0.000000 +   0.000000im,   0.000000 +   0.000000im,   0.000000 +   0.000000im,   0.000000 +   0.000000im,   0.000000 +   0.000000im,   0.000000 +   0.000000im,   0.000000 +   0.000000im,   0.000000 +   0.000000im,   0.000000 +   0.000000im,   0.000000 +   0.000000im,  -0.910723 +   0.904135im,   0.000000 +   0.000000im
  0.000000 +   0.000000im,   0.000000 +   0.000000im,   0.000000 +   0.000000im,   0.000000 +   0.000000im,   0.000000 +   0.000000im,   0.000000 +   0.000000im,   0.000000 +   0.000000im,   0.000000 +   0.000000im,   0.000000 +   0.000000im,   0.000000 +   0.000000im,   0.000000 +   0.000000im,   0.000000 +   0.000000im,   0.000000 +   0.000000im,   0.000000 +   0.000000im,   0.000000 +   0.000000im,   0.000000 +   0.000000im,   0.000000 +   0.000000im,   0.000000 +   0.000000im,   0.000000 +   0.000000im,   0.000000 +   0.000000im,   0.000000 +   0.000000im,   0.000000 +   0.000000im,   0.000000 +   0.000000im,   0.000000 +   0.000000im,   0.000000 +   0.000000im,   0.000000 +   0.000000im,   0.000000 +   0.000000im,   0.000000 +   0.000000im,   0.000000 +   0.000000im,   0.000000 +   0.000000im,   0.000000 +   0.000000im,   0.000000 +   0.000000im,   0.000000 +   0.000000im,   0.000000 +   0.000000im,   0.000000 +   0.000000im,   0.000000 +   0.000000im,   0.000000 +   0.000000im,   0.000000 +   0.000000im,   0.000000 +   0.000000im,   0.000000 +   0.000000im,  -1.241357 +   2.110907im,   2.487894 +  -4.187491im,   0.000000 +   0.000000im,   0.000000 +   0.000000im,   0.000000 +   0.000000im,   0.000000 +   0.000000im,   0.000000 +   0.000000im,   0.000000 +   0.000000im,   0.000000 +   0.000000im,   0.000000 +   0.000000im,   0.000000 +   0.000000im,   0.000000 +   0.000000im,   0.000000 +   0.000000im,   0.000000 +   0.000000im,   0.000000 +   0.000000im,  -1.246537 +   2.076584im,   0.000000 +   0.000000im
  0.000000 +   0.000000im,   0.000000 +   0.000000im,   0.000000 +   0.000000im,   0.000000 +   0.000000im,   0.000000 +   0.000000im,   0.000000 +   0.000000im,   0.000000 +   0.000000im,   0.000000 +   0.000000im,   0.000000 +   0.000000im,   0.000000 +   0.000000im,   0.000000 +   6.261438im,   0.000000 +   0.000000im,   0.000000 +   0.000000im,   0.000000 +   0.000000im,   0.000000 +   0.000000im,   0.000000 +   0.000000im,   0.000000 +   0.000000im,   0.000000 +   0.000000im,   0.000000 +   0.000000im,   0.000000 +   0.000000im,   0.000000 +   0.000000im,   0.000000 +   0.000000im,   0.000000 +   0.000000im,   0.000000 +   0.000000im,   0.000000 +   0.000000im,   0.000000 +   0.000000im,   0.000000 +   0.000000im,   0.000000 +   0.000000im,   0.000000 +   0.000000im,   0.000000 +   0.000000im,   0.000000 +   0.000000im,   0.000000 +   0.000000im,   0.000000 +   0.000000im,   0.000000 +   0.000000im,   0.000000 +   0.000000im,   0.000000 +   0.000000im,   0.000000 +   0.000000im,   0.000000 +   0.000000im,   0.000000 +   0.000000im,   0.000000 +   0.000000im,   0.000000 +   2.427184im,   0.000000 +   0.000000im,   0.000000 +  -8.963132im,   0.000000 +   0.000000im,   0.000000 +   0.000000im,   0.000000 +   0.000000im,   0.000000 +   0.000000im,   0.000000 +   0.000000im,   0.000000 +   0.000000im,   0.000000 +   0.000000im,   0.000000 +   0.000000im,   0.000000 +   0.000000im,   0.000000 +   0.000000im,   0.000000 +   0.000000im,   0.000000 +   0.000000im,   0.000000 +   0.000000im,   0.000000 +   0.000000im
  0.000000 +   0.000000im,   0.000000 +   0.000000im,   0.000000 +   0.000000im,   0.000000 +   0.000000im,   0.000000 +   0.000000im,   0.000000 +   0.000000im,   0.000000 +   0.000000im,   0.000000 +   0.000000im,   0.000000 +   0.000000im,   0.000000 +   0.000000im,   0.000000 +   0.000000im,   0.000000 +   0.000000im,   0.000000 +   0.000000im,   0.000000 +   0.000000im,   0.000000 +   0.000000im,   0.000000 +   0.000000im,   0.000000 +   0.000000im,   0.000000 +   0.000000im,   0.000000 +   0.000000im,   0.000000 +   0.000000im,   0.000000 +   0.000000im,   0.000000 +   0.000000im,   0.000000 +   0.000000im,   0.000000 +   0.000000im,   0.000000 +   0.000000im,   0.000000 +   0.000000im,   0.000000 +   0.000000im,   0.000000 +   0.000000im,   0.000000 +   0.000000im,   0.000000 +   0.000000im,   0.000000 +   0.000000im,   0.000000 +   0.000000im,   0.000000 +   0.000000im,   0.000000 +   0.000000im,   0.000000 +   0.000000im,   0.000000 +   0.000000im,   0.000000 +   0.000000im,  -6.788085 +  13.740587im,   0.000000 +   0.000000im,   0.000000 +   0.000000im,   0.000000 +   0.000000im,   0.000000 +   0.000000im,   0.000000 +   0.000000im,  10.017999 + -20.166358im,  -3.229914 +   6.428771im,   0.000000 +   0.000000im,   0.000000 +   0.000000im,   0.000000 +   0.000000im,   0.000000 +   0.000000im,   0.000000 +   0.000000im,   0.000000 +   0.000000im,   0.000000 +   0.000000im,   0.000000 +   0.000000im,   0.000000 +   0.000000im,   0.000000 +   0.000000im,   0.000000 +   0.000000im,   0.000000 +   0.000000im
  0.000000 +   0.000000im,   0.000000 +   0.000000im,   0.000000 +   0.000000im,   0.000000 +   0.000000im,   0.000000 +   0.000000im,   0.000000 +   0.000000im,   0.000000 +   0.000000im,   0.000000 +   0.000000im,   0.000000 +   0.000000im,   0.000000 +   0.000000im,   0.000000 +   0.000000im,   0.000000 +   0.000000im,   0.000000 +   0.000000im,   0.000000 +   0.000000im,   0.000000 +   9.165067im,   0.000000 +   0.000000im,   0.000000 +   0.000000im,   0.000000 +   0.000000im,   0.000000 +   0.000000im,   0.000000 +   0.000000im,   0.000000 +   0.000000im,   0.000000 +   0.000000im,   0.000000 +   0.000000im,   0.000000 +   0.000000im,   0.000000 +   0.000000im,   0.000000 +   0.000000im,   0.000000 +   0.000000im,   0.000000 +   0.000000im,   0.000000 +   0.000000im,   0.000000 +   0.000000im,   0.000000 +   0.000000im,   0.000000 +   0.000000im,   0.000000 +   0.000000im,   0.000000 +   0.000000im,   0.000000 +   0.000000im,   0.000000 +   0.000000im,   0.000000 +   0.000000im,   0.000000 +   0.000000im,   0.000000 +   0.000000im,   0.000000 +   0.000000im,   0.000000 +   0.000000im,   0.000000 +   0.000000im,   0.000000 +   0.000000im,  -3.229914 +   6.428771im,   3.229914 + -16.023700im,   0.000000 +   0.000000im,   0.000000 +   0.000000im,   0.000000 +   0.000000im,   0.000000 +   0.000000im,   0.000000 +   0.000000im,   0.000000 +   0.000000im,   0.000000 +   0.000000im,   0.000000 +   0.000000im,   0.000000 +   0.000000im,   0.000000 +   0.000000im,   0.000000 +   0.000000im,   0.000000 +   0.000000im
  0.000000 +   0.000000im,   0.000000 +   0.000000im,   0.000000 +   0.000000im,   0.000000 +   0.000000im,   0.000000 +   0.000000im,   0.000000 +   0.000000im,   0.000000 +   0.000000im,   0.000000 +   0.000000im,   0.000000 +   0.000000im,   0.000000 +   0.000000im,   0.000000 +   0.000000im,   0.000000 +   0.000000im,   0.000000 +   0.000000im,   0.000000 +  12.244898im,   0.000000 +   0.000000im,   0.000000 +   0.000000im,   0.000000 +   0.000000im,   0.000000 +   0.000000im,   0.000000 +   0.000000im,   0.000000 +   0.000000im,   0.000000 +   0.000000im,   0.000000 +   0.000000im,   0.000000 +   0.000000im,   0.000000 +   0.000000im,   0.000000 +   0.000000im,   0.000000 +   0.000000im,   0.000000 +   0.000000im,   0.000000 +   0.000000im,   0.000000 +   0.000000im,   0.000000 +   0.000000im,   0.000000 +   0.000000im,   0.000000 +   0.000000im,   0.000000 +   0.000000im,   0.000000 +   0.000000im,   0.000000 +   0.000000im,   0.000000 +   0.000000im,   0.000000 +   0.000000im,   0.000000 +   0.000000im,   0.000000 +   0.000000im,   0.000000 +   0.000000im,   0.000000 +   0.000000im,   0.000000 +   0.000000im,   0.000000 +   0.000000im,   0.000000 +   0.000000im,   0.000000 +   0.000000im,   4.463419 + -26.800039im,  -4.463419 +  13.196196im,   0.000000 +   0.000000im,   0.000000 +   0.000000im,   0.000000 +   0.000000im,   0.000000 +   0.000000im,   0.000000 +   0.000000im,   0.000000 +   0.000000im,   0.000000 +   0.000000im,   0.000000 +   0.000000im,   0.000000 +   0.000000im,   0.000000 +   0.000000im
  0.000000 +   0.000000im,   0.000000 +   0.000000im,   0.000000 +   0.000000im,   0.000000 +   0.000000im,   0.000000 +   0.000000im,   0.000000 +   0.000000im,   0.000000 +   0.000000im,   0.000000 +   0.000000im,   0.000000 +   0.000000im,   0.000000 +   0.000000im,   0.000000 +   0.000000im,   0.000000 +   0.000000im,   0.000000 +   0.000000im,   0.000000 +   0.000000im,   0.000000 +   0.000000im,   0.000000 +   0.000000im,   0.000000 +   0.000000im,   0.000000 +   0.000000im,   0.000000 +   0.000000im,   0.000000 +   0.000000im,   0.000000 +   0.000000im,   0.000000 +   0.000000im,   0.000000 +   0.000000im,   0.000000 +   0.000000im,   0.000000 +   0.000000im,   0.000000 +   0.000000im,   0.000000 +   0.000000im,   0.000000 +   0.000000im,   0.000000 +   0.000000im,   0.000000 +   0.000000im,   0.000000 +   0.000000im,   0.000000 +   0.000000im,   0.000000 +   0.000000im,   0.000000 +   0.000000im,   0.000000 +   0.000000im,   0.000000 +   0.000000im,   0.000000 +   0.000000im,   0.000000 +   0.000000im,   0.000000 +   0.000000im,   0.000000 +   0.000000im,   0.000000 +   0.000000im,   0.000000 +   0.000000im,   0.000000 +   0.000000im,   0.000000 +   0.000000im,   0.000000 +   0.000000im,  -4.463419 +  13.196196im,  25.284121 + -39.849671im, -20.820702 +  26.655074im,   0.000000 +   0.000000im,   0.000000 +   0.000000im,   0.000000 +   0.000000im,   0.000000 +   0.000000im,   0.000000 +   0.000000im,   0.000000 +   0.000000im,   0.000000 +   0.000000im,   0.000000 +   0.000000im,   0.000000 +   0.000000im
  0.000000 +   0.000000im,   0.000000 +   0.000000im,   0.000000 +   0.000000im,   0.000000 +   0.000000im,   0.000000 +   0.000000im,   0.000000 +   0.000000im,   0.000000 +   0.000000im,   0.000000 +   0.000000im,   0.000000 +   0.000000im,   0.000000 +   0.000000im,   0.000000 +   0.000000im,   0.000000 +   0.000000im,   0.000000 +   0.000000im,   0.000000 +   0.000000im,   0.000000 +   0.000000im,   0.000000 +   0.000000im,   0.000000 +   0.000000im,   0.000000 +   0.000000im,   0.000000 +   0.000000im,   0.000000 +   0.000000im,   0.000000 +   0.000000im,   0.000000 +   0.000000im,   0.000000 +   0.000000im,   0.000000 +   0.000000im,   0.000000 +   0.000000im,   0.000000 +   0.000000im,   0.000000 +   0.000000im,   0.000000 +   0.000000im,   0.000000 +   0.000000im,   0.000000 +   0.000000im,   0.000000 +   0.000000im,   0.000000 +   0.000000im,   0.000000 +   0.000000im,   0.000000 +   0.000000im,   0.000000 +   0.000000im,   0.000000 +   0.000000im,   0.000000 +   0.000000im,  -9.464067 +  14.620770im,   0.000000 +   0.000000im,   0.000000 +   0.000000im,   0.000000 +   0.000000im,   0.000000 +   0.000000im,   0.000000 +   0.000000im,   0.000000 +   0.000000im,   0.000000 +   0.000000im,   0.000000 +   0.000000im, -20.820702 +  26.655074im,  33.819182 + -46.740343im,  -3.534413 +   5.466899im,   0.000000 +   0.000000im,   0.000000 +   0.000000im,   0.000000 +   0.000000im,   0.000000 +   0.000000im,   0.000000 +   0.000000im,   0.000000 +   0.000000im,   0.000000 +   0.000000im,   0.000000 +   0.000000im
  0.000000 +   0.000000im,   0.000000 +   0.000000im,   0.000000 +   0.000000im,   0.000000 +   0.000000im,   0.000000 +   0.000000im,   0.000000 +   0.000000im,   0.000000 +   0.000000im,   0.000000 +   0.000000im,   0.000000 +   0.000000im,   0.000000 +   0.000000im,   0.000000 +   0.000000im,   0.000000 +   0.000000im,   0.000000 +   4.685864im,   0.000000 +   0.000000im,   0.000000 +   0.000000im,   0.000000 +   0.000000im,   0.000000 +   0.000000im,   0.000000 +   0.000000im,   0.000000 +   0.000000im,   0.000000 +   0.000000im,   0.000000 +   0.000000im,   0.000000 +   0.000000im,   0.000000 +   0.000000im,   0.000000 +   0.000000im,   0.000000 +   0.000000im,   0.000000 +   0.000000im,   0.000000 +   0.000000im,   0.000000 +   0.000000im,   0.000000 +   0.000000im,   0.000000 +   0.000000im,   0.000000 +   0.000000im,   0.000000 +   0.000000im,   0.000000 +   0.000000im,   0.000000 +   0.000000im,   0.000000 +   0.000000im,   0.000000 +   0.000000im,   0.000000 +   0.000000im,  -2.581137 +   3.972707im,   0.000000 +   0.000000im,   0.000000 +   0.000000im,   0.000000 +   0.000000im,   0.000000 +   0.000000im,   0.000000 +   0.000000im,   0.000000 +   0.000000im,   0.000000 +   0.000000im,   0.000000 +   0.000000im,   0.000000 +   0.000000im,  -3.534413 +   5.466899im,   9.628707 + -20.285341im,  -3.513156 +   5.614033im,   0.000000 +   0.000000im,   0.000000 +   0.000000im,   0.000000 +   0.000000im,   0.000000 +   0.000000im,   0.000000 +   0.000000im,   0.000000 +   0.000000im,   0.000000 +   0.000000im
  0.000000 +   0.000000im,   0.000000 +   0.000000im,   0.000000 +   0.000000im,   0.000000 +   0.000000im,   0.000000 +   0.000000im,   0.000000 +   0.000000im,   0.000000 +   0.000000im,   0.000000 +   0.000000im,   0.000000 +   0.000000im,   0.000000 +   0.000000im,   0.000000 +   0.000000im,   0.000000 +   0.000000im,   0.000000 +   0.000000im,   0.000000 +   0.000000im,   0.000000 +   0.000000im,   0.000000 +   0.000000im,   0.000000 +   0.000000im,   0.000000 +   0.000000im,   0.000000 +   0.000000im,   0.000000 +   0.000000im,   0.000000 +   0.000000im,   0.000000 +   0.000000im,   0.000000 +   0.000000im,   0.000000 +   0.000000im,   0.000000 +   0.000000im,   0.000000 +   0.000000im,   0.000000 +   0.000000im,   0.000000 +   0.000000im,   0.000000 +   0.000000im,   0.000000 +   0.000000im,   0.000000 +   0.000000im,   0.000000 +   0.000000im,   0.000000 +   0.000000im,   0.000000 +   0.000000im,   0.000000 +   0.000000im,   0.000000 +   0.000000im,   0.000000 +   0.000000im,   0.000000 +   0.000000im,   0.000000 +   0.000000im,   0.000000 +   0.000000im,   0.000000 +   0.000000im,   0.000000 +   0.000000im,   0.000000 +   0.000000im,   0.000000 +   0.000000im,   0.000000 +   0.000000im,   0.000000 +   0.000000im,   0.000000 +   0.000000im,   0.000000 +   0.000000im,  -3.513156 +   5.614033im,   5.563150 +  -8.867991im,  -2.049994 +   3.253958im,   0.000000 +   0.000000im,   0.000000 +   0.000000im,   0.000000 +   0.000000im,   0.000000 +   0.000000im,   0.000000 +   0.000000im,   0.000000 +   0.000000im
  0.000000 +   0.000000im,   0.000000 +   0.000000im,   0.000000 +   0.000000im,   0.000000 +   0.000000im,   0.000000 +   0.000000im,   0.000000 +   0.000000im,   0.000000 +   0.000000im,   0.000000 +   0.000000im,   0.000000 +   0.000000im,   0.000000 +  13.061798im,   0.000000 +   0.000000im,   0.000000 +   0.000000im,   0.000000 +   0.000000im,   0.000000 +   0.000000im,   0.000000 +   0.000000im,   0.000000 +   0.000000im,   0.000000 +   0.000000im,   0.000000 +   0.000000im,   0.000000 +   0.000000im,   0.000000 +   0.000000im,   0.000000 +   0.000000im,   0.000000 +   0.000000im,   0.000000 +   0.000000im,   0.000000 +   0.000000im,   0.000000 +   0.000000im,   0.000000 +   0.000000im,   0.000000 +   0.000000im,   0.000000 +   0.000000im,   0.000000 +   0.000000im,   0.000000 +   0.000000im,   0.000000 +   0.000000im,   0.000000 +   0.000000im,   0.000000 +   0.000000im,   0.000000 +   0.000000im,   0.000000 +   0.000000im,   0.000000 +   0.000000im,   0.000000 +   0.000000im,   0.000000 +   0.000000im,   0.000000 +   0.000000im,   0.000000 +   0.000000im,   0.000000 +   0.000000im,   0.000000 +   0.000000im,   0.000000 +   0.000000im,   0.000000 +   0.000000im,   0.000000 +   0.000000im,   0.000000 +   0.000000im,   0.000000 +   0.000000im,   0.000000 +   0.000000im,   0.000000 +   0.000000im,  -2.049994 +   3.253958im,   2.049994 + -17.298902im,   0.000000 +   0.000000im,   0.000000 +   0.000000im,   0.000000 +   0.000000im,   0.000000 +   0.000000im,   0.000000 +   0.000000im,   0.000000 +   0.000000im
  0.000000 +   0.000000im,   0.000000 +   0.000000im,   0.000000 +   0.000000im,   0.000000 +   0.000000im,   0.000000 +   0.000000im,   0.000000 +   0.000000im,   0.000000 +   0.000000im,   0.000000 +   0.000000im,   0.000000 +   0.000000im,   0.000000 +   0.000000im,   0.000000 +   0.000000im,   0.000000 +   0.000000im,   0.000000 +   0.000000im,   0.000000 +   0.000000im,   0.000000 +   0.000000im,   0.000000 +   0.000000im,   0.000000 +   0.000000im,   0.000000 +   0.000000im,   0.000000 +   0.000000im,   0.000000 +   0.000000im,   0.000000 +   0.000000im,   0.000000 +   0.000000im,   0.000000 +   0.000000im,   0.000000 +   0.000000im,   0.000000 +   0.000000im,   0.000000 +   0.000000im,   0.000000 +   0.000000im,   0.000000 +   0.000000im,  -2.585961 +   3.353500im,   0.000000 +   0.000000im,   0.000000 +   0.000000im,   0.000000 +   0.000000im,   0.000000 +   0.000000im,   0.000000 +   0.000000im,   0.000000 +   0.000000im,   0.000000 +   0.000000im,   0.000000 +   0.000000im,   0.000000 +   0.000000im,   0.000000 +   0.000000im,   0.000000 +   0.000000im,   0.000000 +   0.000000im,   0.000000 +   0.000000im,   0.000000 +   0.000000im,   0.000000 +   0.000000im,   0.000000 +   0.000000im,   0.000000 +   0.000000im,   0.000000 +   0.000000im,   0.000000 +   0.000000im,   0.000000 +   0.000000im,   0.000000 +   0.000000im,   0.000000 +   0.000000im,   7.505581 +  -9.706395im,  -4.919620 +   6.352896im,   0.000000 +   0.000000im,   0.000000 +   0.000000im,   0.000000 +   0.000000im,   0.000000 +   0.000000im
  0.000000 +   0.000000im,   0.000000 +   0.000000im,   0.000000 +   0.000000im,   0.000000 +   0.000000im,   0.000000 +   0.000000im,   0.000000 +   0.000000im,   0.000000 +   0.000000im,   0.000000 +   0.000000im,   0.000000 +   0.000000im,   0.000000 +   0.000000im,   0.000000 +   0.000000im,   0.000000 +   0.000000im,   0.000000 +   0.000000im,   0.000000 +   0.000000im,   0.000000 +   0.000000im,   0.000000 +   0.000000im,   0.000000 +   0.000000im,   0.000000 +   0.000000im,   0.000000 +   0.000000im,   0.000000 +   0.000000im,   0.000000 +   0.000000im,   0.000000 +   0.000000im,   0.000000 +   0.000000im,   0.000000 +   0.000000im,   0.000000 +   0.000000im,   0.000000 +   0.000000im,   0.000000 +   0.000000im,   0.000000 +   0.000000im,   0.000000 +   0.000000im,   0.000000 +   0.000000im,   0.000000 +   0.000000im,   0.000000 +   0.000000im,   0.000000 +   0.000000im,   0.000000 +   0.000000im,   0.000000 +   0.000000im,   0.000000 +   0.000000im,   0.000000 +   0.000000im,   0.000000 +   0.000000im,   0.000000 +   0.000000im,   0.000000 +   0.000000im,   0.000000 +   0.000000im,   0.000000 +   0.000000im,   0.000000 +   0.000000im,   0.000000 +   0.000000im,   0.000000 +   0.000000im,   0.000000 +   0.000000im,   0.000000 +   0.000000im,   0.000000 +   0.000000im,   0.000000 +   0.000000im,   0.000000 +   0.000000im,   0.000000 +   0.000000im,  -4.919620 +   6.352896im,   7.027534 +  -8.956921im,  -2.107913 +   2.604025im,   0.000000 +   0.000000im,   0.000000 +   0.000000im,   0.000000 +   0.000000im
  0.000000 +   0.000000im,   0.000000 +   0.000000im,   0.000000 +   0.000000im,   0.000000 +   0.000000im,   0.000000 +   0.000000im,   0.000000 +   0.000000im,   0.000000 +   0.000000im,   0.000000 +   0.000000im,   0.000000 +   0.000000im,   0.000000 +   0.000000im,   0.000000 +   0.000000im,   0.000000 +   0.000000im,   0.000000 +   0.000000im,   0.000000 +   0.000000im,   0.000000 +   0.000000im,   0.000000 +   0.000000im,   0.000000 +   0.000000im,   0.000000 +   0.000000im,   0.000000 +   0.000000im,   0.000000 +   0.000000im,   0.000000 +   0.000000im,   0.000000 +   0.000000im,   0.000000 +   0.000000im,   0.000000 +   0.000000im,   0.000000 +   0.000000im,   0.000000 +   0.000000im,   0.000000 +   0.000000im,   0.000000 +   0.000000im,   0.000000 +   0.000000im,   0.000000 +   0.000000im,   0.000000 +   0.000000im,   0.000000 +   0.000000im,   0.000000 +   0.000000im,   0.000000 +   0.000000im,   0.000000 +   0.000000im,   0.000000 +   0.000000im,   0.000000 +   0.000000im,   0.000000 +   0.000000im,   0.000000 +   0.000000im,   0.000000 +   0.000000im,   0.000000 +   0.000000im,   0.000000 +   0.000000im,   0.000000 +   0.000000im,   0.000000 +   0.000000im,   0.000000 +   0.000000im,   0.000000 +   0.000000im,   0.000000 +   0.000000im,   0.000000 +   0.000000im,   0.000000 +   0.000000im,   0.000000 +   0.000000im,   0.000000 +   0.000000im,   0.000000 +   0.000000im,  -2.107913 +   2.604025im,   4.238282 +  -5.389986im,  -2.130368 +   2.785961im,   0.000000 +   0.000000im,   0.000000 +   0.000000im
  0.000000 +   0.000000im,   0.000000 +   0.000000im,   0.000000 +   0.000000im,   0.000000 +   0.000000im,   0.000000 +   0.000000im,   0.000000 +   0.000000im,   0.000000 +   0.000000im,   0.000000 +   0.000000im,   0.000000 +   7.800830im,   0.000000 +   0.000000im,   0.000000 +   0.000000im,   0.000000 +   0.000000im,   0.000000 +   0.000000im,   0.000000 +   0.000000im,   0.000000 +   0.000000im,   0.000000 +   0.000000im,   0.000000 +   0.000000im,   0.000000 +   0.000000im,   0.000000 +   0.000000im,   0.000000 +   0.000000im,   0.000000 +   0.000000im,   0.000000 +   0.000000im,   0.000000 +   0.000000im,   0.000000 +   0.000000im,   0.000000 +   0.000000im,   0.000000 +   0.000000im,   0.000000 +   0.000000im,   0.000000 +   0.000000im,   0.000000 +   0.000000im,   0.000000 +   0.000000im,   0.000000 +   0.000000im,   0.000000 +   0.000000im,   0.000000 +   0.000000im,   0.000000 +   0.000000im,   0.000000 +   0.000000im,   0.000000 +   0.000000im,   0.000000 +   0.000000im,   0.000000 +   0.000000im,   0.000000 +   0.000000im,   0.000000 +   0.000000im,   0.000000 +   0.000000im,   0.000000 +   0.000000im,   0.000000 +   0.000000im,   0.000000 +   0.000000im,   0.000000 +   0.000000im,   0.000000 +   0.000000im,   0.000000 +   0.000000im,   0.000000 +   0.000000im,   0.000000 +   0.000000im,   0.000000 +   0.000000im,   0.000000 +   0.000000im,   0.000000 +   0.000000im,   0.000000 +   0.000000im,  -2.130368 +   2.785961im,   2.130368 + -11.084716im,   0.000000 +   0.000000im,   0.000000 +   0.000000im
  0.000000 +   0.000000im,   0.000000 +   0.000000im,   0.000000 +   0.000000im,   0.000000 +   0.000000im,   0.000000 +   0.000000im,   0.000000 +   0.000000im,   0.000000 +   0.000000im,   0.000000 +   0.000000im,   0.000000 +   0.000000im,   0.000000 +   0.000000im,   0.000000 +   0.000000im,   0.000000 +   0.000000im,   0.000000 +   0.000000im,   0.000000 +   0.000000im,   0.000000 +   0.000000im,   0.000000 +   0.000000im,   0.000000 +   0.000000im,   0.000000 +   0.000000im,   0.000000 +   0.000000im,   0.000000 +   0.000000im,   0.000000 +   0.000000im,   0.000000 +   0.000000im,   0.000000 +   0.000000im,   0.000000 +   0.000000im,   0.000000 +   0.000000im,   0.000000 +   0.000000im,   0.000000 +   0.000000im,   0.000000 +   0.000000im,   0.000000 +   0.000000im,   0.000000 +   0.000000im,   0.000000 +   0.000000im,   0.000000 +   0.000000im,   0.000000 +   0.000000im,   0.000000 +   0.000000im,   0.000000 +   0.000000im,   0.000000 +   0.000000im,   0.000000 +   0.000000im,   0.000000 +   0.000000im,   0.000000 +   0.000000im,   0.000000 +   0.801674im,  -0.910723 +   0.904135im,  -1.246537 +   2.076584im,   0.000000 +   0.000000im,   0.000000 +   0.000000im,   0.000000 +   0.000000im,   0.000000 +   0.000000im,   0.000000 +   0.000000im,   0.000000 +   0.000000im,   0.000000 +   0.000000im,   0.000000 +   0.000000im,   0.000000 +   0.000000im,   0.000000 +   0.000000im,   0.000000 +   0.000000im,   0.000000 +   0.000000im,   0.000000 +   0.000000im,   3.935020 +  -6.473962im,  -1.777760 +   2.656422im
  0.000000 +   0.000000im,   0.000000 +   0.000000im,   0.000000 +   0.000000im,   0.000000 +   0.000000im,   0.000000 +   0.000000im,   0.000000 +   0.000000im,   0.000000 +   0.000000im,   0.000000 +   0.000000im,   0.000000 +   0.000000im,   0.000000 +   0.000000im,   0.000000 +   0.000000im,   0.000000 +   0.000000im,   0.000000 +   0.000000im,   0.000000 +   0.000000im,   0.000000 +   0.000000im,   0.000000 +   0.000000im,   0.000000 +   0.000000im,   0.000000 +   0.000000im,   0.000000 +   0.000000im,   0.000000 +   0.000000im,   0.000000 +   0.000000im,   0.000000 +   0.000000im,   0.000000 +   0.000000im,   0.000000 +   0.000000im,   0.000000 +   0.000000im,   0.000000 +   0.000000im,   0.000000 +   0.000000im,   0.000000 +   0.000000im,   0.000000 +   0.000000im,   0.000000 +   0.000000im,   0.000000 +   0.000000im,   0.000000 +   0.000000im,   0.000000 +   0.000000im,   0.000000 +   0.000000im,   0.000000 +   0.000000im,   0.000000 +   0.000000im,   0.000000 +   0.000000im,   0.000000 +   0.000000im,   0.000000 +   0.723247im,   0.000000 +   0.000000im,   0.000000 +   0.000000im,   0.000000 +   0.000000im,   0.000000 +   0.000000im,   0.000000 +   0.000000im,   0.000000 +   0.000000im,   0.000000 +   0.000000im,   0.000000 +   0.000000im,   0.000000 +   0.000000im,   0.000000 +   0.000000im,   0.000000 +   0.000000im,   0.000000 +   0.000000im,   0.000000 +   0.000000im,   0.000000 +   0.000000im,   0.000000 +   0.000000im,   0.000000 +   0.000000im,  -1.777760 +   2.656422im,   1.777760 +  -3.394430im